"release_id","lat","lon","release_time"
1,31.265,32.301,"00:00:00"
2,31.325,32.75,"00:00:00"
3,31.321,33.768,"00:00:00"
4,31.29,34.23,"00:00:00"
5,31.35,33.5,"00:00:00"
6,31.215,29.955,"00:00:00"
7,31.416,31.813,"00:00:00"
8,34.55,33.05,"00:00:00"
9,35,34.6,"00:00:00"
10,35.4,33.9,"00:00:00"
11,35.125,33.95,"00:00:00"
12,34.9,33.65,"00:00:00"
13,34.675,33.042,"00:00:00"
14,34.433,35.833,"00:00:00"
15,33.9,35.483,"00:00:00"
16,33.56,35.37,"00:00:00"
17,33.272,35.193,"00:00:00"
18,36.8,34.617,"00:00:00"
19,36.587,36.173,"00:00:00"
20,36.885,30.705,"00:00:00"
21,35.35,33,"00:00:00"
22,34.5,33.8,"00:00:00"
23,34,34.5,"00:00:00"
24,34,32.7,"00:00:00"
25,31.3,34,"00:00:00"
26,31.35,33.25,"00:00:00"
27,35.8,34,"00:00:00"
28,33.5,35,"00:00:00"
29,31.4,33.8,"00:00:00"
30,34.8,32.5,"00:00:00"
1,31.265,32.301,"00:15:00"
2,31.325,32.75,"00:15:00"
3,31.321,33.768,"00:15:00"
4,31.29,34.23,"00:15:00"
5,31.35,33.5,"00:15:00"
6,31.215,29.955,"00:15:00"
7,31.416,31.813,"00:15:00"
8,34.55,33.05,"00:15:00"
9,35,34.6,"00:15:00"
10,35.4,33.9,"00:15:00"
11,35.125,33.95,"00:15:00"
12,34.9,33.65,"00:15:00"
13,34.675,33.042,"00:15:00"
14,34.433,35.833,"00:15:00"
15,33.9,35.483,"00:15:00"
16,33.56,35.37,"00:15:00"
17,33.272,35.193,"00:15:00"
18,36.8,34.617,"00:15:00"
19,36.587,36.173,"00:15:00"
20,36.885,30.705,"00:15:00"
21,35.35,33,"00:15:00"
22,34.5,33.8,"00:15:00"
23,34,34.5,"00:15:00"
24,34,32.7,"00:15:00"
25,31.3,34,"00:15:00"
26,31.35,33.25,"00:15:00"
27,35.8,34,"00:15:00"
28,33.5,35,"00:15:00"
29,31.4,33.8,"00:15:00"
30,34.8,32.5,"00:15:00"
1,31.265,32.301,"00:30:00"
2,31.325,32.75,"00:30:00"
3,31.321,33.768,"00:30:00"
4,31.29,34.23,"00:30:00"
5,31.35,33.5,"00:30:00"
6,31.215,29.955,"00:30:00"
7,31.416,31.813,"00:30:00"
8,34.55,33.05,"00:30:00"
9,35,34.6,"00:30:00"
10,35.4,33.9,"00:30:00"
11,35.125,33.95,"00:30:00"
12,34.9,33.65,"00:30:00"
13,34.675,33.042,"00:30:00"
14,34.433,35.833,"00:30:00"
15,33.9,35.483,"00:30:00"
16,33.56,35.37,"00:30:00"
17,33.272,35.193,"00:30:00"
18,36.8,34.617,"00:30:00"
19,36.587,36.173,"00:30:00"
20,36.885,30.705,"00:30:00"
21,35.35,33,"00:30:00"
22,34.5,33.8,"00:30:00"
23,34,34.5,"00:30:00"
24,34,32.7,"00:30:00"
25,31.3,34,"00:30:00"
26,31.35,33.25,"00:30:00"
27,35.8,34,"00:30:00"
28,33.5,35,"00:30:00"
29,31.4,33.8,"00:30:00"
30,34.8,32.5,"00:30:00"
1,31.265,32.301,"00:45:00"
2,31.325,32.75,"00:45:00"
3,31.321,33.768,"00:45:00"
4,31.29,34.23,"00:45:00"
5,31.35,33.5,"00:45:00"
6,31.215,29.955,"00:45:00"
7,31.416,31.813,"00:45:00"
8,34.55,33.05,"00:45:00"
9,35,34.6,"00:45:00"
10,35.4,33.9,"00:45:00"
11,35.125,33.95,"00:45:00"
12,34.9,33.65,"00:45:00"
13,34.675,33.042,"00:45:00"
14,34.433,35.833,"00:45:00"
15,33.9,35.483,"00:45:00"
16,33.56,35.37,"00:45:00"
17,33.272,35.193,"00:45:00"
18,36.8,34.617,"00:45:00"
19,36.587,36.173,"00:45:00"
20,36.885,30.705,"00:45:00"
21,35.35,33,"00:45:00"
22,34.5,33.8,"00:45:00"
23,34,34.5,"00:45:00"
24,34,32.7,"00:45:00"
25,31.3,34,"00:45:00"
26,31.35,33.25,"00:45:00"
27,35.8,34,"00:45:00"
28,33.5,35,"00:45:00"
29,31.4,33.8,"00:45:00"
30,34.8,32.5,"00:45:00"
1,31.265,32.301,"01:00:00"
2,31.325,32.75,"01:00:00"
3,31.321,33.768,"01:00:00"
4,31.29,34.23,"01:00:00"
5,31.35,33.5,"01:00:00"
6,31.215,29.955,"01:00:00"
7,31.416,31.813,"01:00:00"
8,34.55,33.05,"01:00:00"
9,35,34.6,"01:00:00"
10,35.4,33.9,"01:00:00"
11,35.125,33.95,"01:00:00"
12,34.9,33.65,"01:00:00"
13,34.675,33.042,"01:00:00"
14,34.433,35.833,"01:00:00"
15,33.9,35.483,"01:00:00"
16,33.56,35.37,"01:00:00"
17,33.272,35.193,"01:00:00"
18,36.8,34.617,"01:00:00"
19,36.587,36.173,"01:00:00"
20,36.885,30.705,"01:00:00"
21,35.35,33,"01:00:00"
22,34.5,33.8,"01:00:00"
23,34,34.5,"01:00:00"
24,34,32.7,"01:00:00"
25,31.3,34,"01:00:00"
26,31.35,33.25,"01:00:00"
27,35.8,34,"01:00:00"
28,33.5,35,"01:00:00"
29,31.4,33.8,"01:00:00"
30,34.8,32.5,"01:00:00"
1,31.265,32.301,"01:15:00"
2,31.325,32.75,"01:15:00"
3,31.321,33.768,"01:15:00"
4,31.29,34.23,"01:15:00"
5,31.35,33.5,"01:15:00"
6,31.215,29.955,"01:15:00"
7,31.416,31.813,"01:15:00"
8,34.55,33.05,"01:15:00"
9,35,34.6,"01:15:00"
10,35.4,33.9,"01:15:00"
11,35.125,33.95,"01:15:00"
12,34.9,33.65,"01:15:00"
13,34.675,33.042,"01:15:00"
14,34.433,35.833,"01:15:00"
15,33.9,35.483,"01:15:00"
16,33.56,35.37,"01:15:00"
17,33.272,35.193,"01:15:00"
18,36.8,34.617,"01:15:00"
19,36.587,36.173,"01:15:00"
20,36.885,30.705,"01:15:00"
21,35.35,33,"01:15:00"
22,34.5,33.8,"01:15:00"
23,34,34.5,"01:15:00"
24,34,32.7,"01:15:00"
25,31.3,34,"01:15:00"
26,31.35,33.25,"01:15:00"
27,35.8,34,"01:15:00"
28,33.5,35,"01:15:00"
29,31.4,33.8,"01:15:00"
30,34.8,32.5,"01:15:00"
1,31.265,32.301,"01:30:00"
2,31.325,32.75,"01:30:00"
3,31.321,33.768,"01:30:00"
4,31.29,34.23,"01:30:00"
5,31.35,33.5,"01:30:00"
6,31.215,29.955,"01:30:00"
7,31.416,31.813,"01:30:00"
8,34.55,33.05,"01:30:00"
9,35,34.6,"01:30:00"
10,35.4,33.9,"01:30:00"
11,35.125,33.95,"01:30:00"
12,34.9,33.65,"01:30:00"
13,34.675,33.042,"01:30:00"
14,34.433,35.833,"01:30:00"
15,33.9,35.483,"01:30:00"
16,33.56,35.37,"01:30:00"
17,33.272,35.193,"01:30:00"
18,36.8,34.617,"01:30:00"
19,36.587,36.173,"01:30:00"
20,36.885,30.705,"01:30:00"
21,35.35,33,"01:30:00"
22,34.5,33.8,"01:30:00"
23,34,34.5,"01:30:00"
24,34,32.7,"01:30:00"
25,31.3,34,"01:30:00"
26,31.35,33.25,"01:30:00"
27,35.8,34,"01:30:00"
28,33.5,35,"01:30:00"
29,31.4,33.8,"01:30:00"
30,34.8,32.5,"01:30:00"
1,31.265,32.301,"01:45:00"
2,31.325,32.75,"01:45:00"
3,31.321,33.768,"01:45:00"
4,31.29,34.23,"01:45:00"
5,31.35,33.5,"01:45:00"
6,31.215,29.955,"01:45:00"
7,31.416,31.813,"01:45:00"
8,34.55,33.05,"01:45:00"
9,35,34.6,"01:45:00"
10,35.4,33.9,"01:45:00"
11,35.125,33.95,"01:45:00"
12,34.9,33.65,"01:45:00"
13,34.675,33.042,"01:45:00"
14,34.433,35.833,"01:45:00"
15,33.9,35.483,"01:45:00"
16,33.56,35.37,"01:45:00"
17,33.272,35.193,"01:45:00"
18,36.8,34.617,"01:45:00"
19,36.587,36.173,"01:45:00"
20,36.885,30.705,"01:45:00"
21,35.35,33,"01:45:00"
22,34.5,33.8,"01:45:00"
23,34,34.5,"01:45:00"
24,34,32.7,"01:45:00"
25,31.3,34,"01:45:00"
26,31.35,33.25,"01:45:00"
27,35.8,34,"01:45:00"
28,33.5,35,"01:45:00"
29,31.4,33.8,"01:45:00"
30,34.8,32.5,"01:45:00"
1,31.265,32.301,"02:00:00"
2,31.325,32.75,"02:00:00"
3,31.321,33.768,"02:00:00"
4,31.29,34.23,"02:00:00"
5,31.35,33.5,"02:00:00"
6,31.215,29.955,"02:00:00"
7,31.416,31.813,"02:00:00"
8,34.55,33.05,"02:00:00"
9,35,34.6,"02:00:00"
10,35.4,33.9,"02:00:00"
11,35.125,33.95,"02:00:00"
12,34.9,33.65,"02:00:00"
13,34.675,33.042,"02:00:00"
14,34.433,35.833,"02:00:00"
15,33.9,35.483,"02:00:00"
16,33.56,35.37,"02:00:00"
17,33.272,35.193,"02:00:00"
18,36.8,34.617,"02:00:00"
19,36.587,36.173,"02:00:00"
20,36.885,30.705,"02:00:00"
21,35.35,33,"02:00:00"
22,34.5,33.8,"02:00:00"
23,34,34.5,"02:00:00"
24,34,32.7,"02:00:00"
25,31.3,34,"02:00:00"
26,31.35,33.25,"02:00:00"
27,35.8,34,"02:00:00"
28,33.5,35,"02:00:00"
29,31.4,33.8,"02:00:00"
30,34.8,32.5,"02:00:00"
1,31.265,32.301,"02:15:00"
2,31.325,32.75,"02:15:00"
3,31.321,33.768,"02:15:00"
4,31.29,34.23,"02:15:00"
5,31.35,33.5,"02:15:00"
6,31.215,29.955,"02:15:00"
7,31.416,31.813,"02:15:00"
8,34.55,33.05,"02:15:00"
9,35,34.6,"02:15:00"
10,35.4,33.9,"02:15:00"
11,35.125,33.95,"02:15:00"
12,34.9,33.65,"02:15:00"
13,34.675,33.042,"02:15:00"
14,34.433,35.833,"02:15:00"
15,33.9,35.483,"02:15:00"
16,33.56,35.37,"02:15:00"
17,33.272,35.193,"02:15:00"
18,36.8,34.617,"02:15:00"
19,36.587,36.173,"02:15:00"
20,36.885,30.705,"02:15:00"
21,35.35,33,"02:15:00"
22,34.5,33.8,"02:15:00"
23,34,34.5,"02:15:00"
24,34,32.7,"02:15:00"
25,31.3,34,"02:15:00"
26,31.35,33.25,"02:15:00"
27,35.8,34,"02:15:00"
28,33.5,35,"02:15:00"
29,31.4,33.8,"02:15:00"
30,34.8,32.5,"02:15:00"
1,31.265,32.301,"02:30:00"
2,31.325,32.75,"02:30:00"
3,31.321,33.768,"02:30:00"
4,31.29,34.23,"02:30:00"
5,31.35,33.5,"02:30:00"
6,31.215,29.955,"02:30:00"
7,31.416,31.813,"02:30:00"
8,34.55,33.05,"02:30:00"
9,35,34.6,"02:30:00"
10,35.4,33.9,"02:30:00"
11,35.125,33.95,"02:30:00"
12,34.9,33.65,"02:30:00"
13,34.675,33.042,"02:30:00"
14,34.433,35.833,"02:30:00"
15,33.9,35.483,"02:30:00"
16,33.56,35.37,"02:30:00"
17,33.272,35.193,"02:30:00"
18,36.8,34.617,"02:30:00"
19,36.587,36.173,"02:30:00"
20,36.885,30.705,"02:30:00"
21,35.35,33,"02:30:00"
22,34.5,33.8,"02:30:00"
23,34,34.5,"02:30:00"
24,34,32.7,"02:30:00"
25,31.3,34,"02:30:00"
26,31.35,33.25,"02:30:00"
27,35.8,34,"02:30:00"
28,33.5,35,"02:30:00"
29,31.4,33.8,"02:30:00"
30,34.8,32.5,"02:30:00"
1,31.265,32.301,"02:45:00"
2,31.325,32.75,"02:45:00"
3,31.321,33.768,"02:45:00"
4,31.29,34.23,"02:45:00"
5,31.35,33.5,"02:45:00"
6,31.215,29.955,"02:45:00"
7,31.416,31.813,"02:45:00"
8,34.55,33.05,"02:45:00"
9,35,34.6,"02:45:00"
10,35.4,33.9,"02:45:00"
11,35.125,33.95,"02:45:00"
12,34.9,33.65,"02:45:00"
13,34.675,33.042,"02:45:00"
14,34.433,35.833,"02:45:00"
15,33.9,35.483,"02:45:00"
16,33.56,35.37,"02:45:00"
17,33.272,35.193,"02:45:00"
18,36.8,34.617,"02:45:00"
19,36.587,36.173,"02:45:00"
20,36.885,30.705,"02:45:00"
21,35.35,33,"02:45:00"
22,34.5,33.8,"02:45:00"
23,34,34.5,"02:45:00"
24,34,32.7,"02:45:00"
25,31.3,34,"02:45:00"
26,31.35,33.25,"02:45:00"
27,35.8,34,"02:45:00"
28,33.5,35,"02:45:00"
29,31.4,33.8,"02:45:00"
30,34.8,32.5,"02:45:00"
1,31.265,32.301,"03:00:00"
2,31.325,32.75,"03:00:00"
3,31.321,33.768,"03:00:00"
4,31.29,34.23,"03:00:00"
5,31.35,33.5,"03:00:00"
6,31.215,29.955,"03:00:00"
7,31.416,31.813,"03:00:00"
8,34.55,33.05,"03:00:00"
9,35,34.6,"03:00:00"
10,35.4,33.9,"03:00:00"
11,35.125,33.95,"03:00:00"
12,34.9,33.65,"03:00:00"
13,34.675,33.042,"03:00:00"
14,34.433,35.833,"03:00:00"
15,33.9,35.483,"03:00:00"
16,33.56,35.37,"03:00:00"
17,33.272,35.193,"03:00:00"
18,36.8,34.617,"03:00:00"
19,36.587,36.173,"03:00:00"
20,36.885,30.705,"03:00:00"
21,35.35,33,"03:00:00"
22,34.5,33.8,"03:00:00"
23,34,34.5,"03:00:00"
24,34,32.7,"03:00:00"
25,31.3,34,"03:00:00"
26,31.35,33.25,"03:00:00"
27,35.8,34,"03:00:00"
28,33.5,35,"03:00:00"
29,31.4,33.8,"03:00:00"
30,34.8,32.5,"03:00:00"
1,31.265,32.301,"03:15:00"
2,31.325,32.75,"03:15:00"
3,31.321,33.768,"03:15:00"
4,31.29,34.23,"03:15:00"
5,31.35,33.5,"03:15:00"
6,31.215,29.955,"03:15:00"
7,31.416,31.813,"03:15:00"
8,34.55,33.05,"03:15:00"
9,35,34.6,"03:15:00"
10,35.4,33.9,"03:15:00"
11,35.125,33.95,"03:15:00"
12,34.9,33.65,"03:15:00"
13,34.675,33.042,"03:15:00"
14,34.433,35.833,"03:15:00"
15,33.9,35.483,"03:15:00"
16,33.56,35.37,"03:15:00"
17,33.272,35.193,"03:15:00"
18,36.8,34.617,"03:15:00"
19,36.587,36.173,"03:15:00"
20,36.885,30.705,"03:15:00"
21,35.35,33,"03:15:00"
22,34.5,33.8,"03:15:00"
23,34,34.5,"03:15:00"
24,34,32.7,"03:15:00"
25,31.3,34,"03:15:00"
26,31.35,33.25,"03:15:00"
27,35.8,34,"03:15:00"
28,33.5,35,"03:15:00"
29,31.4,33.8,"03:15:00"
30,34.8,32.5,"03:15:00"
1,31.265,32.301,"03:30:00"
2,31.325,32.75,"03:30:00"
3,31.321,33.768,"03:30:00"
4,31.29,34.23,"03:30:00"
5,31.35,33.5,"03:30:00"
6,31.215,29.955,"03:30:00"
7,31.416,31.813,"03:30:00"
8,34.55,33.05,"03:30:00"
9,35,34.6,"03:30:00"
10,35.4,33.9,"03:30:00"
11,35.125,33.95,"03:30:00"
12,34.9,33.65,"03:30:00"
13,34.675,33.042,"03:30:00"
14,34.433,35.833,"03:30:00"
15,33.9,35.483,"03:30:00"
16,33.56,35.37,"03:30:00"
17,33.272,35.193,"03:30:00"
18,36.8,34.617,"03:30:00"
19,36.587,36.173,"03:30:00"
20,36.885,30.705,"03:30:00"
21,35.35,33,"03:30:00"
22,34.5,33.8,"03:30:00"
23,34,34.5,"03:30:00"
24,34,32.7,"03:30:00"
25,31.3,34,"03:30:00"
26,31.35,33.25,"03:30:00"
27,35.8,34,"03:30:00"
28,33.5,35,"03:30:00"
29,31.4,33.8,"03:30:00"
30,34.8,32.5,"03:30:00"
1,31.265,32.301,"03:45:00"
2,31.325,32.75,"03:45:00"
3,31.321,33.768,"03:45:00"
4,31.29,34.23,"03:45:00"
5,31.35,33.5,"03:45:00"
6,31.215,29.955,"03:45:00"
7,31.416,31.813,"03:45:00"
8,34.55,33.05,"03:45:00"
9,35,34.6,"03:45:00"
10,35.4,33.9,"03:45:00"
11,35.125,33.95,"03:45:00"
12,34.9,33.65,"03:45:00"
13,34.675,33.042,"03:45:00"
14,34.433,35.833,"03:45:00"
15,33.9,35.483,"03:45:00"
16,33.56,35.37,"03:45:00"
17,33.272,35.193,"03:45:00"
18,36.8,34.617,"03:45:00"
19,36.587,36.173,"03:45:00"
20,36.885,30.705,"03:45:00"
21,35.35,33,"03:45:00"
22,34.5,33.8,"03:45:00"
23,34,34.5,"03:45:00"
24,34,32.7,"03:45:00"
25,31.3,34,"03:45:00"
26,31.35,33.25,"03:45:00"
27,35.8,34,"03:45:00"
28,33.5,35,"03:45:00"
29,31.4,33.8,"03:45:00"
30,34.8,32.5,"03:45:00"
1,31.265,32.301,"04:00:00"
2,31.325,32.75,"04:00:00"
3,31.321,33.768,"04:00:00"
4,31.29,34.23,"04:00:00"
5,31.35,33.5,"04:00:00"
6,31.215,29.955,"04:00:00"
7,31.416,31.813,"04:00:00"
8,34.55,33.05,"04:00:00"
9,35,34.6,"04:00:00"
10,35.4,33.9,"04:00:00"
11,35.125,33.95,"04:00:00"
12,34.9,33.65,"04:00:00"
13,34.675,33.042,"04:00:00"
14,34.433,35.833,"04:00:00"
15,33.9,35.483,"04:00:00"
16,33.56,35.37,"04:00:00"
17,33.272,35.193,"04:00:00"
18,36.8,34.617,"04:00:00"
19,36.587,36.173,"04:00:00"
20,36.885,30.705,"04:00:00"
21,35.35,33,"04:00:00"
22,34.5,33.8,"04:00:00"
23,34,34.5,"04:00:00"
24,34,32.7,"04:00:00"
25,31.3,34,"04:00:00"
26,31.35,33.25,"04:00:00"
27,35.8,34,"04:00:00"
28,33.5,35,"04:00:00"
29,31.4,33.8,"04:00:00"
30,34.8,32.5,"04:00:00"
1,31.265,32.301,"04:15:00"
2,31.325,32.75,"04:15:00"
3,31.321,33.768,"04:15:00"
4,31.29,34.23,"04:15:00"
5,31.35,33.5,"04:15:00"
6,31.215,29.955,"04:15:00"
7,31.416,31.813,"04:15:00"
8,34.55,33.05,"04:15:00"
9,35,34.6,"04:15:00"
10,35.4,33.9,"04:15:00"
11,35.125,33.95,"04:15:00"
12,34.9,33.65,"04:15:00"
13,34.675,33.042,"04:15:00"
14,34.433,35.833,"04:15:00"
15,33.9,35.483,"04:15:00"
16,33.56,35.37,"04:15:00"
17,33.272,35.193,"04:15:00"
18,36.8,34.617,"04:15:00"
19,36.587,36.173,"04:15:00"
20,36.885,30.705,"04:15:00"
21,35.35,33,"04:15:00"
22,34.5,33.8,"04:15:00"
23,34,34.5,"04:15:00"
24,34,32.7,"04:15:00"
25,31.3,34,"04:15:00"
26,31.35,33.25,"04:15:00"
27,35.8,34,"04:15:00"
28,33.5,35,"04:15:00"
29,31.4,33.8,"04:15:00"
30,34.8,32.5,"04:15:00"
1,31.265,32.301,"04:30:00"
2,31.325,32.75,"04:30:00"
3,31.321,33.768,"04:30:00"
4,31.29,34.23,"04:30:00"
5,31.35,33.5,"04:30:00"
6,31.215,29.955,"04:30:00"
7,31.416,31.813,"04:30:00"
8,34.55,33.05,"04:30:00"
9,35,34.6,"04:30:00"
10,35.4,33.9,"04:30:00"
11,35.125,33.95,"04:30:00"
12,34.9,33.65,"04:30:00"
13,34.675,33.042,"04:30:00"
14,34.433,35.833,"04:30:00"
15,33.9,35.483,"04:30:00"
16,33.56,35.37,"04:30:00"
17,33.272,35.193,"04:30:00"
18,36.8,34.617,"04:30:00"
19,36.587,36.173,"04:30:00"
20,36.885,30.705,"04:30:00"
21,35.35,33,"04:30:00"
22,34.5,33.8,"04:30:00"
23,34,34.5,"04:30:00"
24,34,32.7,"04:30:00"
25,31.3,34,"04:30:00"
26,31.35,33.25,"04:30:00"
27,35.8,34,"04:30:00"
28,33.5,35,"04:30:00"
29,31.4,33.8,"04:30:00"
30,34.8,32.5,"04:30:00"
1,31.265,32.301,"04:45:00"
2,31.325,32.75,"04:45:00"
3,31.321,33.768,"04:45:00"
4,31.29,34.23,"04:45:00"
5,31.35,33.5,"04:45:00"
6,31.215,29.955,"04:45:00"
7,31.416,31.813,"04:45:00"
8,34.55,33.05,"04:45:00"
9,35,34.6,"04:45:00"
10,35.4,33.9,"04:45:00"
11,35.125,33.95,"04:45:00"
12,34.9,33.65,"04:45:00"
13,34.675,33.042,"04:45:00"
14,34.433,35.833,"04:45:00"
15,33.9,35.483,"04:45:00"
16,33.56,35.37,"04:45:00"
17,33.272,35.193,"04:45:00"
18,36.8,34.617,"04:45:00"
19,36.587,36.173,"04:45:00"
20,36.885,30.705,"04:45:00"
21,35.35,33,"04:45:00"
22,34.5,33.8,"04:45:00"
23,34,34.5,"04:45:00"
24,34,32.7,"04:45:00"
25,31.3,34,"04:45:00"
26,31.35,33.25,"04:45:00"
27,35.8,34,"04:45:00"
28,33.5,35,"04:45:00"
29,31.4,33.8,"04:45:00"
30,34.8,32.5,"04:45:00"
1,31.265,32.301,"05:00:00"
2,31.325,32.75,"05:00:00"
3,31.321,33.768,"05:00:00"
4,31.29,34.23,"05:00:00"
5,31.35,33.5,"05:00:00"
6,31.215,29.955,"05:00:00"
7,31.416,31.813,"05:00:00"
8,34.55,33.05,"05:00:00"
9,35,34.6,"05:00:00"
10,35.4,33.9,"05:00:00"
11,35.125,33.95,"05:00:00"
12,34.9,33.65,"05:00:00"
13,34.675,33.042,"05:00:00"
14,34.433,35.833,"05:00:00"
15,33.9,35.483,"05:00:00"
16,33.56,35.37,"05:00:00"
17,33.272,35.193,"05:00:00"
18,36.8,34.617,"05:00:00"
19,36.587,36.173,"05:00:00"
20,36.885,30.705,"05:00:00"
21,35.35,33,"05:00:00"
22,34.5,33.8,"05:00:00"
23,34,34.5,"05:00:00"
24,34,32.7,"05:00:00"
25,31.3,34,"05:00:00"
26,31.35,33.25,"05:00:00"
27,35.8,34,"05:00:00"
28,33.5,35,"05:00:00"
29,31.4,33.8,"05:00:00"
30,34.8,32.5,"05:00:00"
1,31.265,32.301,"05:15:00"
2,31.325,32.75,"05:15:00"
3,31.321,33.768,"05:15:00"
4,31.29,34.23,"05:15:00"
5,31.35,33.5,"05:15:00"
6,31.215,29.955,"05:15:00"
7,31.416,31.813,"05:15:00"
8,34.55,33.05,"05:15:00"
9,35,34.6,"05:15:00"
10,35.4,33.9,"05:15:00"
11,35.125,33.95,"05:15:00"
12,34.9,33.65,"05:15:00"
13,34.675,33.042,"05:15:00"
14,34.433,35.833,"05:15:00"
15,33.9,35.483,"05:15:00"
16,33.56,35.37,"05:15:00"
17,33.272,35.193,"05:15:00"
18,36.8,34.617,"05:15:00"
19,36.587,36.173,"05:15:00"
20,36.885,30.705,"05:15:00"
21,35.35,33,"05:15:00"
22,34.5,33.8,"05:15:00"
23,34,34.5,"05:15:00"
24,34,32.7,"05:15:00"
25,31.3,34,"05:15:00"
26,31.35,33.25,"05:15:00"
27,35.8,34,"05:15:00"
28,33.5,35,"05:15:00"
29,31.4,33.8,"05:15:00"
30,34.8,32.5,"05:15:00"
1,31.265,32.301,"05:30:00"
2,31.325,32.75,"05:30:00"
3,31.321,33.768,"05:30:00"
4,31.29,34.23,"05:30:00"
5,31.35,33.5,"05:30:00"
6,31.215,29.955,"05:30:00"
7,31.416,31.813,"05:30:00"
8,34.55,33.05,"05:30:00"
9,35,34.6,"05:30:00"
10,35.4,33.9,"05:30:00"
11,35.125,33.95,"05:30:00"
12,34.9,33.65,"05:30:00"
13,34.675,33.042,"05:30:00"
14,34.433,35.833,"05:30:00"
15,33.9,35.483,"05:30:00"
16,33.56,35.37,"05:30:00"
17,33.272,35.193,"05:30:00"
18,36.8,34.617,"05:30:00"
19,36.587,36.173,"05:30:00"
20,36.885,30.705,"05:30:00"
21,35.35,33,"05:30:00"
22,34.5,33.8,"05:30:00"
23,34,34.5,"05:30:00"
24,34,32.7,"05:30:00"
25,31.3,34,"05:30:00"
26,31.35,33.25,"05:30:00"
27,35.8,34,"05:30:00"
28,33.5,35,"05:30:00"
29,31.4,33.8,"05:30:00"
30,34.8,32.5,"05:30:00"
1,31.265,32.301,"05:45:00"
2,31.325,32.75,"05:45:00"
3,31.321,33.768,"05:45:00"
4,31.29,34.23,"05:45:00"
5,31.35,33.5,"05:45:00"
6,31.215,29.955,"05:45:00"
7,31.416,31.813,"05:45:00"
8,34.55,33.05,"05:45:00"
9,35,34.6,"05:45:00"
10,35.4,33.9,"05:45:00"
11,35.125,33.95,"05:45:00"
12,34.9,33.65,"05:45:00"
13,34.675,33.042,"05:45:00"
14,34.433,35.833,"05:45:00"
15,33.9,35.483,"05:45:00"
16,33.56,35.37,"05:45:00"
17,33.272,35.193,"05:45:00"
18,36.8,34.617,"05:45:00"
19,36.587,36.173,"05:45:00"
20,36.885,30.705,"05:45:00"
21,35.35,33,"05:45:00"
22,34.5,33.8,"05:45:00"
23,34,34.5,"05:45:00"
24,34,32.7,"05:45:00"
25,31.3,34,"05:45:00"
26,31.35,33.25,"05:45:00"
27,35.8,34,"05:45:00"
28,33.5,35,"05:45:00"
29,31.4,33.8,"05:45:00"
30,34.8,32.5,"05:45:00"
1,31.265,32.301,"06:00:00"
2,31.325,32.75,"06:00:00"
3,31.321,33.768,"06:00:00"
4,31.29,34.23,"06:00:00"
5,31.35,33.5,"06:00:00"
6,31.215,29.955,"06:00:00"
7,31.416,31.813,"06:00:00"
8,34.55,33.05,"06:00:00"
9,35,34.6,"06:00:00"
10,35.4,33.9,"06:00:00"
11,35.125,33.95,"06:00:00"
12,34.9,33.65,"06:00:00"
13,34.675,33.042,"06:00:00"
14,34.433,35.833,"06:00:00"
15,33.9,35.483,"06:00:00"
16,33.56,35.37,"06:00:00"
17,33.272,35.193,"06:00:00"
18,36.8,34.617,"06:00:00"
19,36.587,36.173,"06:00:00"
20,36.885,30.705,"06:00:00"
21,35.35,33,"06:00:00"
22,34.5,33.8,"06:00:00"
23,34,34.5,"06:00:00"
24,34,32.7,"06:00:00"
25,31.3,34,"06:00:00"
26,31.35,33.25,"06:00:00"
27,35.8,34,"06:00:00"
28,33.5,35,"06:00:00"
29,31.4,33.8,"06:00:00"
30,34.8,32.5,"06:00:00"
1,31.265,32.301,"06:15:00"
2,31.325,32.75,"06:15:00"
3,31.321,33.768,"06:15:00"
4,31.29,34.23,"06:15:00"
5,31.35,33.5,"06:15:00"
6,31.215,29.955,"06:15:00"
7,31.416,31.813,"06:15:00"
8,34.55,33.05,"06:15:00"
9,35,34.6,"06:15:00"
10,35.4,33.9,"06:15:00"
11,35.125,33.95,"06:15:00"
12,34.9,33.65,"06:15:00"
13,34.675,33.042,"06:15:00"
14,34.433,35.833,"06:15:00"
15,33.9,35.483,"06:15:00"
16,33.56,35.37,"06:15:00"
17,33.272,35.193,"06:15:00"
18,36.8,34.617,"06:15:00"
19,36.587,36.173,"06:15:00"
20,36.885,30.705,"06:15:00"
21,35.35,33,"06:15:00"
22,34.5,33.8,"06:15:00"
23,34,34.5,"06:15:00"
24,34,32.7,"06:15:00"
25,31.3,34,"06:15:00"
26,31.35,33.25,"06:15:00"
27,35.8,34,"06:15:00"
28,33.5,35,"06:15:00"
29,31.4,33.8,"06:15:00"
30,34.8,32.5,"06:15:00"
1,31.265,32.301,"06:30:00"
2,31.325,32.75,"06:30:00"
3,31.321,33.768,"06:30:00"
4,31.29,34.23,"06:30:00"
5,31.35,33.5,"06:30:00"
6,31.215,29.955,"06:30:00"
7,31.416,31.813,"06:30:00"
8,34.55,33.05,"06:30:00"
9,35,34.6,"06:30:00"
10,35.4,33.9,"06:30:00"
11,35.125,33.95,"06:30:00"
12,34.9,33.65,"06:30:00"
13,34.675,33.042,"06:30:00"
14,34.433,35.833,"06:30:00"
15,33.9,35.483,"06:30:00"
16,33.56,35.37,"06:30:00"
17,33.272,35.193,"06:30:00"
18,36.8,34.617,"06:30:00"
19,36.587,36.173,"06:30:00"
20,36.885,30.705,"06:30:00"
21,35.35,33,"06:30:00"
22,34.5,33.8,"06:30:00"
23,34,34.5,"06:30:00"
24,34,32.7,"06:30:00"
25,31.3,34,"06:30:00"
26,31.35,33.25,"06:30:00"
27,35.8,34,"06:30:00"
28,33.5,35,"06:30:00"
29,31.4,33.8,"06:30:00"
30,34.8,32.5,"06:30:00"
1,31.265,32.301,"06:45:00"
2,31.325,32.75,"06:45:00"
3,31.321,33.768,"06:45:00"
4,31.29,34.23,"06:45:00"
5,31.35,33.5,"06:45:00"
6,31.215,29.955,"06:45:00"
7,31.416,31.813,"06:45:00"
8,34.55,33.05,"06:45:00"
9,35,34.6,"06:45:00"
10,35.4,33.9,"06:45:00"
11,35.125,33.95,"06:45:00"
12,34.9,33.65,"06:45:00"
13,34.675,33.042,"06:45:00"
14,34.433,35.833,"06:45:00"
15,33.9,35.483,"06:45:00"
16,33.56,35.37,"06:45:00"
17,33.272,35.193,"06:45:00"
18,36.8,34.617,"06:45:00"
19,36.587,36.173,"06:45:00"
20,36.885,30.705,"06:45:00"
21,35.35,33,"06:45:00"
22,34.5,33.8,"06:45:00"
23,34,34.5,"06:45:00"
24,34,32.7,"06:45:00"
25,31.3,34,"06:45:00"
26,31.35,33.25,"06:45:00"
27,35.8,34,"06:45:00"
28,33.5,35,"06:45:00"
29,31.4,33.8,"06:45:00"
30,34.8,32.5,"06:45:00"
1,31.265,32.301,"07:00:00"
2,31.325,32.75,"07:00:00"
3,31.321,33.768,"07:00:00"
4,31.29,34.23,"07:00:00"
5,31.35,33.5,"07:00:00"
6,31.215,29.955,"07:00:00"
7,31.416,31.813,"07:00:00"
8,34.55,33.05,"07:00:00"
9,35,34.6,"07:00:00"
10,35.4,33.9,"07:00:00"
11,35.125,33.95,"07:00:00"
12,34.9,33.65,"07:00:00"
13,34.675,33.042,"07:00:00"
14,34.433,35.833,"07:00:00"
15,33.9,35.483,"07:00:00"
16,33.56,35.37,"07:00:00"
17,33.272,35.193,"07:00:00"
18,36.8,34.617,"07:00:00"
19,36.587,36.173,"07:00:00"
20,36.885,30.705,"07:00:00"
21,35.35,33,"07:00:00"
22,34.5,33.8,"07:00:00"
23,34,34.5,"07:00:00"
24,34,32.7,"07:00:00"
25,31.3,34,"07:00:00"
26,31.35,33.25,"07:00:00"
27,35.8,34,"07:00:00"
28,33.5,35,"07:00:00"
29,31.4,33.8,"07:00:00"
30,34.8,32.5,"07:00:00"
1,31.265,32.301,"07:15:00"
2,31.325,32.75,"07:15:00"
3,31.321,33.768,"07:15:00"
4,31.29,34.23,"07:15:00"
5,31.35,33.5,"07:15:00"
6,31.215,29.955,"07:15:00"
7,31.416,31.813,"07:15:00"
8,34.55,33.05,"07:15:00"
9,35,34.6,"07:15:00"
10,35.4,33.9,"07:15:00"
11,35.125,33.95,"07:15:00"
12,34.9,33.65,"07:15:00"
13,34.675,33.042,"07:15:00"
14,34.433,35.833,"07:15:00"
15,33.9,35.483,"07:15:00"
16,33.56,35.37,"07:15:00"
17,33.272,35.193,"07:15:00"
18,36.8,34.617,"07:15:00"
19,36.587,36.173,"07:15:00"
20,36.885,30.705,"07:15:00"
21,35.35,33,"07:15:00"
22,34.5,33.8,"07:15:00"
23,34,34.5,"07:15:00"
24,34,32.7,"07:15:00"
25,31.3,34,"07:15:00"
26,31.35,33.25,"07:15:00"
27,35.8,34,"07:15:00"
28,33.5,35,"07:15:00"
29,31.4,33.8,"07:15:00"
30,34.8,32.5,"07:15:00"
1,31.265,32.301,"07:30:00"
2,31.325,32.75,"07:30:00"
3,31.321,33.768,"07:30:00"
4,31.29,34.23,"07:30:00"
5,31.35,33.5,"07:30:00"
6,31.215,29.955,"07:30:00"
7,31.416,31.813,"07:30:00"
8,34.55,33.05,"07:30:00"
9,35,34.6,"07:30:00"
10,35.4,33.9,"07:30:00"
11,35.125,33.95,"07:30:00"
12,34.9,33.65,"07:30:00"
13,34.675,33.042,"07:30:00"
14,34.433,35.833,"07:30:00"
15,33.9,35.483,"07:30:00"
16,33.56,35.37,"07:30:00"
17,33.272,35.193,"07:30:00"
18,36.8,34.617,"07:30:00"
19,36.587,36.173,"07:30:00"
20,36.885,30.705,"07:30:00"
21,35.35,33,"07:30:00"
22,34.5,33.8,"07:30:00"
23,34,34.5,"07:30:00"
24,34,32.7,"07:30:00"
25,31.3,34,"07:30:00"
26,31.35,33.25,"07:30:00"
27,35.8,34,"07:30:00"
28,33.5,35,"07:30:00"
29,31.4,33.8,"07:30:00"
30,34.8,32.5,"07:30:00"
1,31.265,32.301,"07:45:00"
2,31.325,32.75,"07:45:00"
3,31.321,33.768,"07:45:00"
4,31.29,34.23,"07:45:00"
5,31.35,33.5,"07:45:00"
6,31.215,29.955,"07:45:00"
7,31.416,31.813,"07:45:00"
8,34.55,33.05,"07:45:00"
9,35,34.6,"07:45:00"
10,35.4,33.9,"07:45:00"
11,35.125,33.95,"07:45:00"
12,34.9,33.65,"07:45:00"
13,34.675,33.042,"07:45:00"
14,34.433,35.833,"07:45:00"
15,33.9,35.483,"07:45:00"
16,33.56,35.37,"07:45:00"
17,33.272,35.193,"07:45:00"
18,36.8,34.617,"07:45:00"
19,36.587,36.173,"07:45:00"
20,36.885,30.705,"07:45:00"
21,35.35,33,"07:45:00"
22,34.5,33.8,"07:45:00"
23,34,34.5,"07:45:00"
24,34,32.7,"07:45:00"
25,31.3,34,"07:45:00"
26,31.35,33.25,"07:45:00"
27,35.8,34,"07:45:00"
28,33.5,35,"07:45:00"
29,31.4,33.8,"07:45:00"
30,34.8,32.5,"07:45:00"
1,31.265,32.301,"08:00:00"
2,31.325,32.75,"08:00:00"
3,31.321,33.768,"08:00:00"
4,31.29,34.23,"08:00:00"
5,31.35,33.5,"08:00:00"
6,31.215,29.955,"08:00:00"
7,31.416,31.813,"08:00:00"
8,34.55,33.05,"08:00:00"
9,35,34.6,"08:00:00"
10,35.4,33.9,"08:00:00"
11,35.125,33.95,"08:00:00"
12,34.9,33.65,"08:00:00"
13,34.675,33.042,"08:00:00"
14,34.433,35.833,"08:00:00"
15,33.9,35.483,"08:00:00"
16,33.56,35.37,"08:00:00"
17,33.272,35.193,"08:00:00"
18,36.8,34.617,"08:00:00"
19,36.587,36.173,"08:00:00"
20,36.885,30.705,"08:00:00"
21,35.35,33,"08:00:00"
22,34.5,33.8,"08:00:00"
23,34,34.5,"08:00:00"
24,34,32.7,"08:00:00"
25,31.3,34,"08:00:00"
26,31.35,33.25,"08:00:00"
27,35.8,34,"08:00:00"
28,33.5,35,"08:00:00"
29,31.4,33.8,"08:00:00"
30,34.8,32.5,"08:00:00"
1,31.265,32.301,"08:15:00"
2,31.325,32.75,"08:15:00"
3,31.321,33.768,"08:15:00"
4,31.29,34.23,"08:15:00"
5,31.35,33.5,"08:15:00"
6,31.215,29.955,"08:15:00"
7,31.416,31.813,"08:15:00"
8,34.55,33.05,"08:15:00"
9,35,34.6,"08:15:00"
10,35.4,33.9,"08:15:00"
11,35.125,33.95,"08:15:00"
12,34.9,33.65,"08:15:00"
13,34.675,33.042,"08:15:00"
14,34.433,35.833,"08:15:00"
15,33.9,35.483,"08:15:00"
16,33.56,35.37,"08:15:00"
17,33.272,35.193,"08:15:00"
18,36.8,34.617,"08:15:00"
19,36.587,36.173,"08:15:00"
20,36.885,30.705,"08:15:00"
21,35.35,33,"08:15:00"
22,34.5,33.8,"08:15:00"
23,34,34.5,"08:15:00"
24,34,32.7,"08:15:00"
25,31.3,34,"08:15:00"
26,31.35,33.25,"08:15:00"
27,35.8,34,"08:15:00"
28,33.5,35,"08:15:00"
29,31.4,33.8,"08:15:00"
30,34.8,32.5,"08:15:00"
1,31.265,32.301,"08:30:00"
2,31.325,32.75,"08:30:00"
3,31.321,33.768,"08:30:00"
4,31.29,34.23,"08:30:00"
5,31.35,33.5,"08:30:00"
6,31.215,29.955,"08:30:00"
7,31.416,31.813,"08:30:00"
8,34.55,33.05,"08:30:00"
9,35,34.6,"08:30:00"
10,35.4,33.9,"08:30:00"
11,35.125,33.95,"08:30:00"
12,34.9,33.65,"08:30:00"
13,34.675,33.042,"08:30:00"
14,34.433,35.833,"08:30:00"
15,33.9,35.483,"08:30:00"
16,33.56,35.37,"08:30:00"
17,33.272,35.193,"08:30:00"
18,36.8,34.617,"08:30:00"
19,36.587,36.173,"08:30:00"
20,36.885,30.705,"08:30:00"
21,35.35,33,"08:30:00"
22,34.5,33.8,"08:30:00"
23,34,34.5,"08:30:00"
24,34,32.7,"08:30:00"
25,31.3,34,"08:30:00"
26,31.35,33.25,"08:30:00"
27,35.8,34,"08:30:00"
28,33.5,35,"08:30:00"
29,31.4,33.8,"08:30:00"
30,34.8,32.5,"08:30:00"
1,31.265,32.301,"08:45:00"
2,31.325,32.75,"08:45:00"
3,31.321,33.768,"08:45:00"
4,31.29,34.23,"08:45:00"
5,31.35,33.5,"08:45:00"
6,31.215,29.955,"08:45:00"
7,31.416,31.813,"08:45:00"
8,34.55,33.05,"08:45:00"
9,35,34.6,"08:45:00"
10,35.4,33.9,"08:45:00"
11,35.125,33.95,"08:45:00"
12,34.9,33.65,"08:45:00"
13,34.675,33.042,"08:45:00"
14,34.433,35.833,"08:45:00"
15,33.9,35.483,"08:45:00"
16,33.56,35.37,"08:45:00"
17,33.272,35.193,"08:45:00"
18,36.8,34.617,"08:45:00"
19,36.587,36.173,"08:45:00"
20,36.885,30.705,"08:45:00"
21,35.35,33,"08:45:00"
22,34.5,33.8,"08:45:00"
23,34,34.5,"08:45:00"
24,34,32.7,"08:45:00"
25,31.3,34,"08:45:00"
26,31.35,33.25,"08:45:00"
27,35.8,34,"08:45:00"
28,33.5,35,"08:45:00"
29,31.4,33.8,"08:45:00"
30,34.8,32.5,"08:45:00"
1,31.265,32.301,"09:00:00"
2,31.325,32.75,"09:00:00"
3,31.321,33.768,"09:00:00"
4,31.29,34.23,"09:00:00"
5,31.35,33.5,"09:00:00"
6,31.215,29.955,"09:00:00"
7,31.416,31.813,"09:00:00"
8,34.55,33.05,"09:00:00"
9,35,34.6,"09:00:00"
10,35.4,33.9,"09:00:00"
11,35.125,33.95,"09:00:00"
12,34.9,33.65,"09:00:00"
13,34.675,33.042,"09:00:00"
14,34.433,35.833,"09:00:00"
15,33.9,35.483,"09:00:00"
16,33.56,35.37,"09:00:00"
17,33.272,35.193,"09:00:00"
18,36.8,34.617,"09:00:00"
19,36.587,36.173,"09:00:00"
20,36.885,30.705,"09:00:00"
21,35.35,33,"09:00:00"
22,34.5,33.8,"09:00:00"
23,34,34.5,"09:00:00"
24,34,32.7,"09:00:00"
25,31.3,34,"09:00:00"
26,31.35,33.25,"09:00:00"
27,35.8,34,"09:00:00"
28,33.5,35,"09:00:00"
29,31.4,33.8,"09:00:00"
30,34.8,32.5,"09:00:00"
1,31.265,32.301,"09:15:00"
2,31.325,32.75,"09:15:00"
3,31.321,33.768,"09:15:00"
4,31.29,34.23,"09:15:00"
5,31.35,33.5,"09:15:00"
6,31.215,29.955,"09:15:00"
7,31.416,31.813,"09:15:00"
8,34.55,33.05,"09:15:00"
9,35,34.6,"09:15:00"
10,35.4,33.9,"09:15:00"
11,35.125,33.95,"09:15:00"
12,34.9,33.65,"09:15:00"
13,34.675,33.042,"09:15:00"
14,34.433,35.833,"09:15:00"
15,33.9,35.483,"09:15:00"
16,33.56,35.37,"09:15:00"
17,33.272,35.193,"09:15:00"
18,36.8,34.617,"09:15:00"
19,36.587,36.173,"09:15:00"
20,36.885,30.705,"09:15:00"
21,35.35,33,"09:15:00"
22,34.5,33.8,"09:15:00"
23,34,34.5,"09:15:00"
24,34,32.7,"09:15:00"
25,31.3,34,"09:15:00"
26,31.35,33.25,"09:15:00"
27,35.8,34,"09:15:00"
28,33.5,35,"09:15:00"
29,31.4,33.8,"09:15:00"
30,34.8,32.5,"09:15:00"
1,31.265,32.301,"09:30:00"
2,31.325,32.75,"09:30:00"
3,31.321,33.768,"09:30:00"
4,31.29,34.23,"09:30:00"
5,31.35,33.5,"09:30:00"
6,31.215,29.955,"09:30:00"
7,31.416,31.813,"09:30:00"
8,34.55,33.05,"09:30:00"
9,35,34.6,"09:30:00"
10,35.4,33.9,"09:30:00"
11,35.125,33.95,"09:30:00"
12,34.9,33.65,"09:30:00"
13,34.675,33.042,"09:30:00"
14,34.433,35.833,"09:30:00"
15,33.9,35.483,"09:30:00"
16,33.56,35.37,"09:30:00"
17,33.272,35.193,"09:30:00"
18,36.8,34.617,"09:30:00"
19,36.587,36.173,"09:30:00"
20,36.885,30.705,"09:30:00"
21,35.35,33,"09:30:00"
22,34.5,33.8,"09:30:00"
23,34,34.5,"09:30:00"
24,34,32.7,"09:30:00"
25,31.3,34,"09:30:00"
26,31.35,33.25,"09:30:00"
27,35.8,34,"09:30:00"
28,33.5,35,"09:30:00"
29,31.4,33.8,"09:30:00"
30,34.8,32.5,"09:30:00"
1,31.265,32.301,"09:45:00"
2,31.325,32.75,"09:45:00"
3,31.321,33.768,"09:45:00"
4,31.29,34.23,"09:45:00"
5,31.35,33.5,"09:45:00"
6,31.215,29.955,"09:45:00"
7,31.416,31.813,"09:45:00"
8,34.55,33.05,"09:45:00"
9,35,34.6,"09:45:00"
10,35.4,33.9,"09:45:00"
11,35.125,33.95,"09:45:00"
12,34.9,33.65,"09:45:00"
13,34.675,33.042,"09:45:00"
14,34.433,35.833,"09:45:00"
15,33.9,35.483,"09:45:00"
16,33.56,35.37,"09:45:00"
17,33.272,35.193,"09:45:00"
18,36.8,34.617,"09:45:00"
19,36.587,36.173,"09:45:00"
20,36.885,30.705,"09:45:00"
21,35.35,33,"09:45:00"
22,34.5,33.8,"09:45:00"
23,34,34.5,"09:45:00"
24,34,32.7,"09:45:00"
25,31.3,34,"09:45:00"
26,31.35,33.25,"09:45:00"
27,35.8,34,"09:45:00"
28,33.5,35,"09:45:00"
29,31.4,33.8,"09:45:00"
30,34.8,32.5,"09:45:00"
1,31.265,32.301,"10:00:00"
2,31.325,32.75,"10:00:00"
3,31.321,33.768,"10:00:00"
4,31.29,34.23,"10:00:00"
5,31.35,33.5,"10:00:00"
6,31.215,29.955,"10:00:00"
7,31.416,31.813,"10:00:00"
8,34.55,33.05,"10:00:00"
9,35,34.6,"10:00:00"
10,35.4,33.9,"10:00:00"
11,35.125,33.95,"10:00:00"
12,34.9,33.65,"10:00:00"
13,34.675,33.042,"10:00:00"
14,34.433,35.833,"10:00:00"
15,33.9,35.483,"10:00:00"
16,33.56,35.37,"10:00:00"
17,33.272,35.193,"10:00:00"
18,36.8,34.617,"10:00:00"
19,36.587,36.173,"10:00:00"
20,36.885,30.705,"10:00:00"
21,35.35,33,"10:00:00"
22,34.5,33.8,"10:00:00"
23,34,34.5,"10:00:00"
24,34,32.7,"10:00:00"
25,31.3,34,"10:00:00"
26,31.35,33.25,"10:00:00"
27,35.8,34,"10:00:00"
28,33.5,35,"10:00:00"
29,31.4,33.8,"10:00:00"
30,34.8,32.5,"10:00:00"
1,31.265,32.301,"10:15:00"
2,31.325,32.75,"10:15:00"
3,31.321,33.768,"10:15:00"
4,31.29,34.23,"10:15:00"
5,31.35,33.5,"10:15:00"
6,31.215,29.955,"10:15:00"
7,31.416,31.813,"10:15:00"
8,34.55,33.05,"10:15:00"
9,35,34.6,"10:15:00"
10,35.4,33.9,"10:15:00"
11,35.125,33.95,"10:15:00"
12,34.9,33.65,"10:15:00"
13,34.675,33.042,"10:15:00"
14,34.433,35.833,"10:15:00"
15,33.9,35.483,"10:15:00"
16,33.56,35.37,"10:15:00"
17,33.272,35.193,"10:15:00"
18,36.8,34.617,"10:15:00"
19,36.587,36.173,"10:15:00"
20,36.885,30.705,"10:15:00"
21,35.35,33,"10:15:00"
22,34.5,33.8,"10:15:00"
23,34,34.5,"10:15:00"
24,34,32.7,"10:15:00"
25,31.3,34,"10:15:00"
26,31.35,33.25,"10:15:00"
27,35.8,34,"10:15:00"
28,33.5,35,"10:15:00"
29,31.4,33.8,"10:15:00"
30,34.8,32.5,"10:15:00"
1,31.265,32.301,"10:30:00"
2,31.325,32.75,"10:30:00"
3,31.321,33.768,"10:30:00"
4,31.29,34.23,"10:30:00"
5,31.35,33.5,"10:30:00"
6,31.215,29.955,"10:30:00"
7,31.416,31.813,"10:30:00"
8,34.55,33.05,"10:30:00"
9,35,34.6,"10:30:00"
10,35.4,33.9,"10:30:00"
11,35.125,33.95,"10:30:00"
12,34.9,33.65,"10:30:00"
13,34.675,33.042,"10:30:00"
14,34.433,35.833,"10:30:00"
15,33.9,35.483,"10:30:00"
16,33.56,35.37,"10:30:00"
17,33.272,35.193,"10:30:00"
18,36.8,34.617,"10:30:00"
19,36.587,36.173,"10:30:00"
20,36.885,30.705,"10:30:00"
21,35.35,33,"10:30:00"
22,34.5,33.8,"10:30:00"
23,34,34.5,"10:30:00"
24,34,32.7,"10:30:00"
25,31.3,34,"10:30:00"
26,31.35,33.25,"10:30:00"
27,35.8,34,"10:30:00"
28,33.5,35,"10:30:00"
29,31.4,33.8,"10:30:00"
30,34.8,32.5,"10:30:00"
1,31.265,32.301,"10:45:00"
2,31.325,32.75,"10:45:00"
3,31.321,33.768,"10:45:00"
4,31.29,34.23,"10:45:00"
5,31.35,33.5,"10:45:00"
6,31.215,29.955,"10:45:00"
7,31.416,31.813,"10:45:00"
8,34.55,33.05,"10:45:00"
9,35,34.6,"10:45:00"
10,35.4,33.9,"10:45:00"
11,35.125,33.95,"10:45:00"
12,34.9,33.65,"10:45:00"
13,34.675,33.042,"10:45:00"
14,34.433,35.833,"10:45:00"
15,33.9,35.483,"10:45:00"
16,33.56,35.37,"10:45:00"
17,33.272,35.193,"10:45:00"
18,36.8,34.617,"10:45:00"
19,36.587,36.173,"10:45:00"
20,36.885,30.705,"10:45:00"
21,35.35,33,"10:45:00"
22,34.5,33.8,"10:45:00"
23,34,34.5,"10:45:00"
24,34,32.7,"10:45:00"
25,31.3,34,"10:45:00"
26,31.35,33.25,"10:45:00"
27,35.8,34,"10:45:00"
28,33.5,35,"10:45:00"
29,31.4,33.8,"10:45:00"
30,34.8,32.5,"10:45:00"
1,31.265,32.301,"11:00:00"
2,31.325,32.75,"11:00:00"
3,31.321,33.768,"11:00:00"
4,31.29,34.23,"11:00:00"
5,31.35,33.5,"11:00:00"
6,31.215,29.955,"11:00:00"
7,31.416,31.813,"11:00:00"
8,34.55,33.05,"11:00:00"
9,35,34.6,"11:00:00"
10,35.4,33.9,"11:00:00"
11,35.125,33.95,"11:00:00"
12,34.9,33.65,"11:00:00"
13,34.675,33.042,"11:00:00"
14,34.433,35.833,"11:00:00"
15,33.9,35.483,"11:00:00"
16,33.56,35.37,"11:00:00"
17,33.272,35.193,"11:00:00"
18,36.8,34.617,"11:00:00"
19,36.587,36.173,"11:00:00"
20,36.885,30.705,"11:00:00"
21,35.35,33,"11:00:00"
22,34.5,33.8,"11:00:00"
23,34,34.5,"11:00:00"
24,34,32.7,"11:00:00"
25,31.3,34,"11:00:00"
26,31.35,33.25,"11:00:00"
27,35.8,34,"11:00:00"
28,33.5,35,"11:00:00"
29,31.4,33.8,"11:00:00"
30,34.8,32.5,"11:00:00"
1,31.265,32.301,"11:15:00"
2,31.325,32.75,"11:15:00"
3,31.321,33.768,"11:15:00"
4,31.29,34.23,"11:15:00"
5,31.35,33.5,"11:15:00"
6,31.215,29.955,"11:15:00"
7,31.416,31.813,"11:15:00"
8,34.55,33.05,"11:15:00"
9,35,34.6,"11:15:00"
10,35.4,33.9,"11:15:00"
11,35.125,33.95,"11:15:00"
12,34.9,33.65,"11:15:00"
13,34.675,33.042,"11:15:00"
14,34.433,35.833,"11:15:00"
15,33.9,35.483,"11:15:00"
16,33.56,35.37,"11:15:00"
17,33.272,35.193,"11:15:00"
18,36.8,34.617,"11:15:00"
19,36.587,36.173,"11:15:00"
20,36.885,30.705,"11:15:00"
21,35.35,33,"11:15:00"
22,34.5,33.8,"11:15:00"
23,34,34.5,"11:15:00"
24,34,32.7,"11:15:00"
25,31.3,34,"11:15:00"
26,31.35,33.25,"11:15:00"
27,35.8,34,"11:15:00"
28,33.5,35,"11:15:00"
29,31.4,33.8,"11:15:00"
30,34.8,32.5,"11:15:00"
1,31.265,32.301,"11:30:00"
2,31.325,32.75,"11:30:00"
3,31.321,33.768,"11:30:00"
4,31.29,34.23,"11:30:00"
5,31.35,33.5,"11:30:00"
6,31.215,29.955,"11:30:00"
7,31.416,31.813,"11:30:00"
8,34.55,33.05,"11:30:00"
9,35,34.6,"11:30:00"
10,35.4,33.9,"11:30:00"
11,35.125,33.95,"11:30:00"
12,34.9,33.65,"11:30:00"
13,34.675,33.042,"11:30:00"
14,34.433,35.833,"11:30:00"
15,33.9,35.483,"11:30:00"
16,33.56,35.37,"11:30:00"
17,33.272,35.193,"11:30:00"
18,36.8,34.617,"11:30:00"
19,36.587,36.173,"11:30:00"
20,36.885,30.705,"11:30:00"
21,35.35,33,"11:30:00"
22,34.5,33.8,"11:30:00"
23,34,34.5,"11:30:00"
24,34,32.7,"11:30:00"
25,31.3,34,"11:30:00"
26,31.35,33.25,"11:30:00"
27,35.8,34,"11:30:00"
28,33.5,35,"11:30:00"
29,31.4,33.8,"11:30:00"
30,34.8,32.5,"11:30:00"
1,31.265,32.301,"11:45:00"
2,31.325,32.75,"11:45:00"
3,31.321,33.768,"11:45:00"
4,31.29,34.23,"11:45:00"
5,31.35,33.5,"11:45:00"
6,31.215,29.955,"11:45:00"
7,31.416,31.813,"11:45:00"
8,34.55,33.05,"11:45:00"
9,35,34.6,"11:45:00"
10,35.4,33.9,"11:45:00"
11,35.125,33.95,"11:45:00"
12,34.9,33.65,"11:45:00"
13,34.675,33.042,"11:45:00"
14,34.433,35.833,"11:45:00"
15,33.9,35.483,"11:45:00"
16,33.56,35.37,"11:45:00"
17,33.272,35.193,"11:45:00"
18,36.8,34.617,"11:45:00"
19,36.587,36.173,"11:45:00"
20,36.885,30.705,"11:45:00"
21,35.35,33,"11:45:00"
22,34.5,33.8,"11:45:00"
23,34,34.5,"11:45:00"
24,34,32.7,"11:45:00"
25,31.3,34,"11:45:00"
26,31.35,33.25,"11:45:00"
27,35.8,34,"11:45:00"
28,33.5,35,"11:45:00"
29,31.4,33.8,"11:45:00"
30,34.8,32.5,"11:45:00"
1,31.265,32.301,"12:00:00"
2,31.325,32.75,"12:00:00"
3,31.321,33.768,"12:00:00"
4,31.29,34.23,"12:00:00"
5,31.35,33.5,"12:00:00"
6,31.215,29.955,"12:00:00"
7,31.416,31.813,"12:00:00"
8,34.55,33.05,"12:00:00"
9,35,34.6,"12:00:00"
10,35.4,33.9,"12:00:00"
11,35.125,33.95,"12:00:00"
12,34.9,33.65,"12:00:00"
13,34.675,33.042,"12:00:00"
14,34.433,35.833,"12:00:00"
15,33.9,35.483,"12:00:00"
16,33.56,35.37,"12:00:00"
17,33.272,35.193,"12:00:00"
18,36.8,34.617,"12:00:00"
19,36.587,36.173,"12:00:00"
20,36.885,30.705,"12:00:00"
21,35.35,33,"12:00:00"
22,34.5,33.8,"12:00:00"
23,34,34.5,"12:00:00"
24,34,32.7,"12:00:00"
25,31.3,34,"12:00:00"
26,31.35,33.25,"12:00:00"
27,35.8,34,"12:00:00"
28,33.5,35,"12:00:00"
29,31.4,33.8,"12:00:00"
30,34.8,32.5,"12:00:00"
1,31.265,32.301,"12:15:00"
2,31.325,32.75,"12:15:00"
3,31.321,33.768,"12:15:00"
4,31.29,34.23,"12:15:00"
5,31.35,33.5,"12:15:00"
6,31.215,29.955,"12:15:00"
7,31.416,31.813,"12:15:00"
8,34.55,33.05,"12:15:00"
9,35,34.6,"12:15:00"
10,35.4,33.9,"12:15:00"
11,35.125,33.95,"12:15:00"
12,34.9,33.65,"12:15:00"
13,34.675,33.042,"12:15:00"
14,34.433,35.833,"12:15:00"
15,33.9,35.483,"12:15:00"
16,33.56,35.37,"12:15:00"
17,33.272,35.193,"12:15:00"
18,36.8,34.617,"12:15:00"
19,36.587,36.173,"12:15:00"
20,36.885,30.705,"12:15:00"
21,35.35,33,"12:15:00"
22,34.5,33.8,"12:15:00"
23,34,34.5,"12:15:00"
24,34,32.7,"12:15:00"
25,31.3,34,"12:15:00"
26,31.35,33.25,"12:15:00"
27,35.8,34,"12:15:00"
28,33.5,35,"12:15:00"
29,31.4,33.8,"12:15:00"
30,34.8,32.5,"12:15:00"
1,31.265,32.301,"12:30:00"
2,31.325,32.75,"12:30:00"
3,31.321,33.768,"12:30:00"
4,31.29,34.23,"12:30:00"
5,31.35,33.5,"12:30:00"
6,31.215,29.955,"12:30:00"
7,31.416,31.813,"12:30:00"
8,34.55,33.05,"12:30:00"
9,35,34.6,"12:30:00"
10,35.4,33.9,"12:30:00"
11,35.125,33.95,"12:30:00"
12,34.9,33.65,"12:30:00"
13,34.675,33.042,"12:30:00"
14,34.433,35.833,"12:30:00"
15,33.9,35.483,"12:30:00"
16,33.56,35.37,"12:30:00"
17,33.272,35.193,"12:30:00"
18,36.8,34.617,"12:30:00"
19,36.587,36.173,"12:30:00"
20,36.885,30.705,"12:30:00"
21,35.35,33,"12:30:00"
22,34.5,33.8,"12:30:00"
23,34,34.5,"12:30:00"
24,34,32.7,"12:30:00"
25,31.3,34,"12:30:00"
26,31.35,33.25,"12:30:00"
27,35.8,34,"12:30:00"
28,33.5,35,"12:30:00"
29,31.4,33.8,"12:30:00"
30,34.8,32.5,"12:30:00"
1,31.265,32.301,"12:45:00"
2,31.325,32.75,"12:45:00"
3,31.321,33.768,"12:45:00"
4,31.29,34.23,"12:45:00"
5,31.35,33.5,"12:45:00"
6,31.215,29.955,"12:45:00"
7,31.416,31.813,"12:45:00"
8,34.55,33.05,"12:45:00"
9,35,34.6,"12:45:00"
10,35.4,33.9,"12:45:00"
11,35.125,33.95,"12:45:00"
12,34.9,33.65,"12:45:00"
13,34.675,33.042,"12:45:00"
14,34.433,35.833,"12:45:00"
15,33.9,35.483,"12:45:00"
16,33.56,35.37,"12:45:00"
17,33.272,35.193,"12:45:00"
18,36.8,34.617,"12:45:00"
19,36.587,36.173,"12:45:00"
20,36.885,30.705,"12:45:00"
21,35.35,33,"12:45:00"
22,34.5,33.8,"12:45:00"
23,34,34.5,"12:45:00"
24,34,32.7,"12:45:00"
25,31.3,34,"12:45:00"
26,31.35,33.25,"12:45:00"
27,35.8,34,"12:45:00"
28,33.5,35,"12:45:00"
29,31.4,33.8,"12:45:00"
30,34.8,32.5,"12:45:00"
1,31.265,32.301,"13:00:00"
2,31.325,32.75,"13:00:00"
3,31.321,33.768,"13:00:00"
4,31.29,34.23,"13:00:00"
5,31.35,33.5,"13:00:00"
6,31.215,29.955,"13:00:00"
7,31.416,31.813,"13:00:00"
8,34.55,33.05,"13:00:00"
9,35,34.6,"13:00:00"
10,35.4,33.9,"13:00:00"
11,35.125,33.95,"13:00:00"
12,34.9,33.65,"13:00:00"
13,34.675,33.042,"13:00:00"
14,34.433,35.833,"13:00:00"
15,33.9,35.483,"13:00:00"
16,33.56,35.37,"13:00:00"
17,33.272,35.193,"13:00:00"
18,36.8,34.617,"13:00:00"
19,36.587,36.173,"13:00:00"
20,36.885,30.705,"13:00:00"
21,35.35,33,"13:00:00"
22,34.5,33.8,"13:00:00"
23,34,34.5,"13:00:00"
24,34,32.7,"13:00:00"
25,31.3,34,"13:00:00"
26,31.35,33.25,"13:00:00"
27,35.8,34,"13:00:00"
28,33.5,35,"13:00:00"
29,31.4,33.8,"13:00:00"
30,34.8,32.5,"13:00:00"
1,31.265,32.301,"13:15:00"
2,31.325,32.75,"13:15:00"
3,31.321,33.768,"13:15:00"
4,31.29,34.23,"13:15:00"
5,31.35,33.5,"13:15:00"
6,31.215,29.955,"13:15:00"
7,31.416,31.813,"13:15:00"
8,34.55,33.05,"13:15:00"
9,35,34.6,"13:15:00"
10,35.4,33.9,"13:15:00"
11,35.125,33.95,"13:15:00"
12,34.9,33.65,"13:15:00"
13,34.675,33.042,"13:15:00"
14,34.433,35.833,"13:15:00"
15,33.9,35.483,"13:15:00"
16,33.56,35.37,"13:15:00"
17,33.272,35.193,"13:15:00"
18,36.8,34.617,"13:15:00"
19,36.587,36.173,"13:15:00"
20,36.885,30.705,"13:15:00"
21,35.35,33,"13:15:00"
22,34.5,33.8,"13:15:00"
23,34,34.5,"13:15:00"
24,34,32.7,"13:15:00"
25,31.3,34,"13:15:00"
26,31.35,33.25,"13:15:00"
27,35.8,34,"13:15:00"
28,33.5,35,"13:15:00"
29,31.4,33.8,"13:15:00"
30,34.8,32.5,"13:15:00"
1,31.265,32.301,"13:30:00"
2,31.325,32.75,"13:30:00"
3,31.321,33.768,"13:30:00"
4,31.29,34.23,"13:30:00"
5,31.35,33.5,"13:30:00"
6,31.215,29.955,"13:30:00"
7,31.416,31.813,"13:30:00"
8,34.55,33.05,"13:30:00"
9,35,34.6,"13:30:00"
10,35.4,33.9,"13:30:00"
11,35.125,33.95,"13:30:00"
12,34.9,33.65,"13:30:00"
13,34.675,33.042,"13:30:00"
14,34.433,35.833,"13:30:00"
15,33.9,35.483,"13:30:00"
16,33.56,35.37,"13:30:00"
17,33.272,35.193,"13:30:00"
18,36.8,34.617,"13:30:00"
19,36.587,36.173,"13:30:00"
20,36.885,30.705,"13:30:00"
21,35.35,33,"13:30:00"
22,34.5,33.8,"13:30:00"
23,34,34.5,"13:30:00"
24,34,32.7,"13:30:00"
25,31.3,34,"13:30:00"
26,31.35,33.25,"13:30:00"
27,35.8,34,"13:30:00"
28,33.5,35,"13:30:00"
29,31.4,33.8,"13:30:00"
30,34.8,32.5,"13:30:00"
1,31.265,32.301,"13:45:00"
2,31.325,32.75,"13:45:00"
3,31.321,33.768,"13:45:00"
4,31.29,34.23,"13:45:00"
5,31.35,33.5,"13:45:00"
6,31.215,29.955,"13:45:00"
7,31.416,31.813,"13:45:00"
8,34.55,33.05,"13:45:00"
9,35,34.6,"13:45:00"
10,35.4,33.9,"13:45:00"
11,35.125,33.95,"13:45:00"
12,34.9,33.65,"13:45:00"
13,34.675,33.042,"13:45:00"
14,34.433,35.833,"13:45:00"
15,33.9,35.483,"13:45:00"
16,33.56,35.37,"13:45:00"
17,33.272,35.193,"13:45:00"
18,36.8,34.617,"13:45:00"
19,36.587,36.173,"13:45:00"
20,36.885,30.705,"13:45:00"
21,35.35,33,"13:45:00"
22,34.5,33.8,"13:45:00"
23,34,34.5,"13:45:00"
24,34,32.7,"13:45:00"
25,31.3,34,"13:45:00"
26,31.35,33.25,"13:45:00"
27,35.8,34,"13:45:00"
28,33.5,35,"13:45:00"
29,31.4,33.8,"13:45:00"
30,34.8,32.5,"13:45:00"
1,31.265,32.301,"14:00:00"
2,31.325,32.75,"14:00:00"
3,31.321,33.768,"14:00:00"
4,31.29,34.23,"14:00:00"
5,31.35,33.5,"14:00:00"
6,31.215,29.955,"14:00:00"
7,31.416,31.813,"14:00:00"
8,34.55,33.05,"14:00:00"
9,35,34.6,"14:00:00"
10,35.4,33.9,"14:00:00"
11,35.125,33.95,"14:00:00"
12,34.9,33.65,"14:00:00"
13,34.675,33.042,"14:00:00"
14,34.433,35.833,"14:00:00"
15,33.9,35.483,"14:00:00"
16,33.56,35.37,"14:00:00"
17,33.272,35.193,"14:00:00"
18,36.8,34.617,"14:00:00"
19,36.587,36.173,"14:00:00"
20,36.885,30.705,"14:00:00"
21,35.35,33,"14:00:00"
22,34.5,33.8,"14:00:00"
23,34,34.5,"14:00:00"
24,34,32.7,"14:00:00"
25,31.3,34,"14:00:00"
26,31.35,33.25,"14:00:00"
27,35.8,34,"14:00:00"
28,33.5,35,"14:00:00"
29,31.4,33.8,"14:00:00"
30,34.8,32.5,"14:00:00"
1,31.265,32.301,"14:15:00"
2,31.325,32.75,"14:15:00"
3,31.321,33.768,"14:15:00"
4,31.29,34.23,"14:15:00"
5,31.35,33.5,"14:15:00"
6,31.215,29.955,"14:15:00"
7,31.416,31.813,"14:15:00"
8,34.55,33.05,"14:15:00"
9,35,34.6,"14:15:00"
10,35.4,33.9,"14:15:00"
11,35.125,33.95,"14:15:00"
12,34.9,33.65,"14:15:00"
13,34.675,33.042,"14:15:00"
14,34.433,35.833,"14:15:00"
15,33.9,35.483,"14:15:00"
16,33.56,35.37,"14:15:00"
17,33.272,35.193,"14:15:00"
18,36.8,34.617,"14:15:00"
19,36.587,36.173,"14:15:00"
20,36.885,30.705,"14:15:00"
21,35.35,33,"14:15:00"
22,34.5,33.8,"14:15:00"
23,34,34.5,"14:15:00"
24,34,32.7,"14:15:00"
25,31.3,34,"14:15:00"
26,31.35,33.25,"14:15:00"
27,35.8,34,"14:15:00"
28,33.5,35,"14:15:00"
29,31.4,33.8,"14:15:00"
30,34.8,32.5,"14:15:00"
1,31.265,32.301,"14:30:00"
2,31.325,32.75,"14:30:00"
3,31.321,33.768,"14:30:00"
4,31.29,34.23,"14:30:00"
5,31.35,33.5,"14:30:00"
6,31.215,29.955,"14:30:00"
7,31.416,31.813,"14:30:00"
8,34.55,33.05,"14:30:00"
9,35,34.6,"14:30:00"
10,35.4,33.9,"14:30:00"
11,35.125,33.95,"14:30:00"
12,34.9,33.65,"14:30:00"
13,34.675,33.042,"14:30:00"
14,34.433,35.833,"14:30:00"
15,33.9,35.483,"14:30:00"
16,33.56,35.37,"14:30:00"
17,33.272,35.193,"14:30:00"
18,36.8,34.617,"14:30:00"
19,36.587,36.173,"14:30:00"
20,36.885,30.705,"14:30:00"
21,35.35,33,"14:30:00"
22,34.5,33.8,"14:30:00"
23,34,34.5,"14:30:00"
24,34,32.7,"14:30:00"
25,31.3,34,"14:30:00"
26,31.35,33.25,"14:30:00"
27,35.8,34,"14:30:00"
28,33.5,35,"14:30:00"
29,31.4,33.8,"14:30:00"
30,34.8,32.5,"14:30:00"
1,31.265,32.301,"14:45:00"
2,31.325,32.75,"14:45:00"
3,31.321,33.768,"14:45:00"
4,31.29,34.23,"14:45:00"
5,31.35,33.5,"14:45:00"
6,31.215,29.955,"14:45:00"
7,31.416,31.813,"14:45:00"
8,34.55,33.05,"14:45:00"
9,35,34.6,"14:45:00"
10,35.4,33.9,"14:45:00"
11,35.125,33.95,"14:45:00"
12,34.9,33.65,"14:45:00"
13,34.675,33.042,"14:45:00"
14,34.433,35.833,"14:45:00"
15,33.9,35.483,"14:45:00"
16,33.56,35.37,"14:45:00"
17,33.272,35.193,"14:45:00"
18,36.8,34.617,"14:45:00"
19,36.587,36.173,"14:45:00"
20,36.885,30.705,"14:45:00"
21,35.35,33,"14:45:00"
22,34.5,33.8,"14:45:00"
23,34,34.5,"14:45:00"
24,34,32.7,"14:45:00"
25,31.3,34,"14:45:00"
26,31.35,33.25,"14:45:00"
27,35.8,34,"14:45:00"
28,33.5,35,"14:45:00"
29,31.4,33.8,"14:45:00"
30,34.8,32.5,"14:45:00"
1,31.265,32.301,"15:00:00"
2,31.325,32.75,"15:00:00"
3,31.321,33.768,"15:00:00"
4,31.29,34.23,"15:00:00"
5,31.35,33.5,"15:00:00"
6,31.215,29.955,"15:00:00"
7,31.416,31.813,"15:00:00"
8,34.55,33.05,"15:00:00"
9,35,34.6,"15:00:00"
10,35.4,33.9,"15:00:00"
11,35.125,33.95,"15:00:00"
12,34.9,33.65,"15:00:00"
13,34.675,33.042,"15:00:00"
14,34.433,35.833,"15:00:00"
15,33.9,35.483,"15:00:00"
16,33.56,35.37,"15:00:00"
17,33.272,35.193,"15:00:00"
18,36.8,34.617,"15:00:00"
19,36.587,36.173,"15:00:00"
20,36.885,30.705,"15:00:00"
21,35.35,33,"15:00:00"
22,34.5,33.8,"15:00:00"
23,34,34.5,"15:00:00"
24,34,32.7,"15:00:00"
25,31.3,34,"15:00:00"
26,31.35,33.25,"15:00:00"
27,35.8,34,"15:00:00"
28,33.5,35,"15:00:00"
29,31.4,33.8,"15:00:00"
30,34.8,32.5,"15:00:00"
1,31.265,32.301,"15:15:00"
2,31.325,32.75,"15:15:00"
3,31.321,33.768,"15:15:00"
4,31.29,34.23,"15:15:00"
5,31.35,33.5,"15:15:00"
6,31.215,29.955,"15:15:00"
7,31.416,31.813,"15:15:00"
8,34.55,33.05,"15:15:00"
9,35,34.6,"15:15:00"
10,35.4,33.9,"15:15:00"
11,35.125,33.95,"15:15:00"
12,34.9,33.65,"15:15:00"
13,34.675,33.042,"15:15:00"
14,34.433,35.833,"15:15:00"
15,33.9,35.483,"15:15:00"
16,33.56,35.37,"15:15:00"
17,33.272,35.193,"15:15:00"
18,36.8,34.617,"15:15:00"
19,36.587,36.173,"15:15:00"
20,36.885,30.705,"15:15:00"
21,35.35,33,"15:15:00"
22,34.5,33.8,"15:15:00"
23,34,34.5,"15:15:00"
24,34,32.7,"15:15:00"
25,31.3,34,"15:15:00"
26,31.35,33.25,"15:15:00"
27,35.8,34,"15:15:00"
28,33.5,35,"15:15:00"
29,31.4,33.8,"15:15:00"
30,34.8,32.5,"15:15:00"
1,31.265,32.301,"15:30:00"
2,31.325,32.75,"15:30:00"
3,31.321,33.768,"15:30:00"
4,31.29,34.23,"15:30:00"
5,31.35,33.5,"15:30:00"
6,31.215,29.955,"15:30:00"
7,31.416,31.813,"15:30:00"
8,34.55,33.05,"15:30:00"
9,35,34.6,"15:30:00"
10,35.4,33.9,"15:30:00"
11,35.125,33.95,"15:30:00"
12,34.9,33.65,"15:30:00"
13,34.675,33.042,"15:30:00"
14,34.433,35.833,"15:30:00"
15,33.9,35.483,"15:30:00"
16,33.56,35.37,"15:30:00"
17,33.272,35.193,"15:30:00"
18,36.8,34.617,"15:30:00"
19,36.587,36.173,"15:30:00"
20,36.885,30.705,"15:30:00"
21,35.35,33,"15:30:00"
22,34.5,33.8,"15:30:00"
23,34,34.5,"15:30:00"
24,34,32.7,"15:30:00"
25,31.3,34,"15:30:00"
26,31.35,33.25,"15:30:00"
27,35.8,34,"15:30:00"
28,33.5,35,"15:30:00"
29,31.4,33.8,"15:30:00"
30,34.8,32.5,"15:30:00"
1,31.265,32.301,"15:45:00"
2,31.325,32.75,"15:45:00"
3,31.321,33.768,"15:45:00"
4,31.29,34.23,"15:45:00"
5,31.35,33.5,"15:45:00"
6,31.215,29.955,"15:45:00"
7,31.416,31.813,"15:45:00"
8,34.55,33.05,"15:45:00"
9,35,34.6,"15:45:00"
10,35.4,33.9,"15:45:00"
11,35.125,33.95,"15:45:00"
12,34.9,33.65,"15:45:00"
13,34.675,33.042,"15:45:00"
14,34.433,35.833,"15:45:00"
15,33.9,35.483,"15:45:00"
16,33.56,35.37,"15:45:00"
17,33.272,35.193,"15:45:00"
18,36.8,34.617,"15:45:00"
19,36.587,36.173,"15:45:00"
20,36.885,30.705,"15:45:00"
21,35.35,33,"15:45:00"
22,34.5,33.8,"15:45:00"
23,34,34.5,"15:45:00"
24,34,32.7,"15:45:00"
25,31.3,34,"15:45:00"
26,31.35,33.25,"15:45:00"
27,35.8,34,"15:45:00"
28,33.5,35,"15:45:00"
29,31.4,33.8,"15:45:00"
30,34.8,32.5,"15:45:00"
1,31.265,32.301,"16:00:00"
2,31.325,32.75,"16:00:00"
3,31.321,33.768,"16:00:00"
4,31.29,34.23,"16:00:00"
5,31.35,33.5,"16:00:00"
6,31.215,29.955,"16:00:00"
7,31.416,31.813,"16:00:00"
8,34.55,33.05,"16:00:00"
9,35,34.6,"16:00:00"
10,35.4,33.9,"16:00:00"
11,35.125,33.95,"16:00:00"
12,34.9,33.65,"16:00:00"
13,34.675,33.042,"16:00:00"
14,34.433,35.833,"16:00:00"
15,33.9,35.483,"16:00:00"
16,33.56,35.37,"16:00:00"
17,33.272,35.193,"16:00:00"
18,36.8,34.617,"16:00:00"
19,36.587,36.173,"16:00:00"
20,36.885,30.705,"16:00:00"
21,35.35,33,"16:00:00"
22,34.5,33.8,"16:00:00"
23,34,34.5,"16:00:00"
24,34,32.7,"16:00:00"
25,31.3,34,"16:00:00"
26,31.35,33.25,"16:00:00"
27,35.8,34,"16:00:00"
28,33.5,35,"16:00:00"
29,31.4,33.8,"16:00:00"
30,34.8,32.5,"16:00:00"
1,31.265,32.301,"16:15:00"
2,31.325,32.75,"16:15:00"
3,31.321,33.768,"16:15:00"
4,31.29,34.23,"16:15:00"
5,31.35,33.5,"16:15:00"
6,31.215,29.955,"16:15:00"
7,31.416,31.813,"16:15:00"
8,34.55,33.05,"16:15:00"
9,35,34.6,"16:15:00"
10,35.4,33.9,"16:15:00"
11,35.125,33.95,"16:15:00"
12,34.9,33.65,"16:15:00"
13,34.675,33.042,"16:15:00"
14,34.433,35.833,"16:15:00"
15,33.9,35.483,"16:15:00"
16,33.56,35.37,"16:15:00"
17,33.272,35.193,"16:15:00"
18,36.8,34.617,"16:15:00"
19,36.587,36.173,"16:15:00"
20,36.885,30.705,"16:15:00"
21,35.35,33,"16:15:00"
22,34.5,33.8,"16:15:00"
23,34,34.5,"16:15:00"
24,34,32.7,"16:15:00"
25,31.3,34,"16:15:00"
26,31.35,33.25,"16:15:00"
27,35.8,34,"16:15:00"
28,33.5,35,"16:15:00"
29,31.4,33.8,"16:15:00"
30,34.8,32.5,"16:15:00"
1,31.265,32.301,"16:30:00"
2,31.325,32.75,"16:30:00"
3,31.321,33.768,"16:30:00"
4,31.29,34.23,"16:30:00"
5,31.35,33.5,"16:30:00"
6,31.215,29.955,"16:30:00"
7,31.416,31.813,"16:30:00"
8,34.55,33.05,"16:30:00"
9,35,34.6,"16:30:00"
10,35.4,33.9,"16:30:00"
11,35.125,33.95,"16:30:00"
12,34.9,33.65,"16:30:00"
13,34.675,33.042,"16:30:00"
14,34.433,35.833,"16:30:00"
15,33.9,35.483,"16:30:00"
16,33.56,35.37,"16:30:00"
17,33.272,35.193,"16:30:00"
18,36.8,34.617,"16:30:00"
19,36.587,36.173,"16:30:00"
20,36.885,30.705,"16:30:00"
21,35.35,33,"16:30:00"
22,34.5,33.8,"16:30:00"
23,34,34.5,"16:30:00"
24,34,32.7,"16:30:00"
25,31.3,34,"16:30:00"
26,31.35,33.25,"16:30:00"
27,35.8,34,"16:30:00"
28,33.5,35,"16:30:00"
29,31.4,33.8,"16:30:00"
30,34.8,32.5,"16:30:00"
1,31.265,32.301,"16:45:00"
2,31.325,32.75,"16:45:00"
3,31.321,33.768,"16:45:00"
4,31.29,34.23,"16:45:00"
5,31.35,33.5,"16:45:00"
6,31.215,29.955,"16:45:00"
7,31.416,31.813,"16:45:00"
8,34.55,33.05,"16:45:00"
9,35,34.6,"16:45:00"
10,35.4,33.9,"16:45:00"
11,35.125,33.95,"16:45:00"
12,34.9,33.65,"16:45:00"
13,34.675,33.042,"16:45:00"
14,34.433,35.833,"16:45:00"
15,33.9,35.483,"16:45:00"
16,33.56,35.37,"16:45:00"
17,33.272,35.193,"16:45:00"
18,36.8,34.617,"16:45:00"
19,36.587,36.173,"16:45:00"
20,36.885,30.705,"16:45:00"
21,35.35,33,"16:45:00"
22,34.5,33.8,"16:45:00"
23,34,34.5,"16:45:00"
24,34,32.7,"16:45:00"
25,31.3,34,"16:45:00"
26,31.35,33.25,"16:45:00"
27,35.8,34,"16:45:00"
28,33.5,35,"16:45:00"
29,31.4,33.8,"16:45:00"
30,34.8,32.5,"16:45:00"
1,31.265,32.301,"17:00:00"
2,31.325,32.75,"17:00:00"
3,31.321,33.768,"17:00:00"
4,31.29,34.23,"17:00:00"
5,31.35,33.5,"17:00:00"
6,31.215,29.955,"17:00:00"
7,31.416,31.813,"17:00:00"
8,34.55,33.05,"17:00:00"
9,35,34.6,"17:00:00"
10,35.4,33.9,"17:00:00"
11,35.125,33.95,"17:00:00"
12,34.9,33.65,"17:00:00"
13,34.675,33.042,"17:00:00"
14,34.433,35.833,"17:00:00"
15,33.9,35.483,"17:00:00"
16,33.56,35.37,"17:00:00"
17,33.272,35.193,"17:00:00"
18,36.8,34.617,"17:00:00"
19,36.587,36.173,"17:00:00"
20,36.885,30.705,"17:00:00"
21,35.35,33,"17:00:00"
22,34.5,33.8,"17:00:00"
23,34,34.5,"17:00:00"
24,34,32.7,"17:00:00"
25,31.3,34,"17:00:00"
26,31.35,33.25,"17:00:00"
27,35.8,34,"17:00:00"
28,33.5,35,"17:00:00"
29,31.4,33.8,"17:00:00"
30,34.8,32.5,"17:00:00"
1,31.265,32.301,"17:15:00"
2,31.325,32.75,"17:15:00"
3,31.321,33.768,"17:15:00"
4,31.29,34.23,"17:15:00"
5,31.35,33.5,"17:15:00"
6,31.215,29.955,"17:15:00"
7,31.416,31.813,"17:15:00"
8,34.55,33.05,"17:15:00"
9,35,34.6,"17:15:00"
10,35.4,33.9,"17:15:00"
11,35.125,33.95,"17:15:00"
12,34.9,33.65,"17:15:00"
13,34.675,33.042,"17:15:00"
14,34.433,35.833,"17:15:00"
15,33.9,35.483,"17:15:00"
16,33.56,35.37,"17:15:00"
17,33.272,35.193,"17:15:00"
18,36.8,34.617,"17:15:00"
19,36.587,36.173,"17:15:00"
20,36.885,30.705,"17:15:00"
21,35.35,33,"17:15:00"
22,34.5,33.8,"17:15:00"
23,34,34.5,"17:15:00"
24,34,32.7,"17:15:00"
25,31.3,34,"17:15:00"
26,31.35,33.25,"17:15:00"
27,35.8,34,"17:15:00"
28,33.5,35,"17:15:00"
29,31.4,33.8,"17:15:00"
30,34.8,32.5,"17:15:00"
1,31.265,32.301,"17:30:00"
2,31.325,32.75,"17:30:00"
3,31.321,33.768,"17:30:00"
4,31.29,34.23,"17:30:00"
5,31.35,33.5,"17:30:00"
6,31.215,29.955,"17:30:00"
7,31.416,31.813,"17:30:00"
8,34.55,33.05,"17:30:00"
9,35,34.6,"17:30:00"
10,35.4,33.9,"17:30:00"
11,35.125,33.95,"17:30:00"
12,34.9,33.65,"17:30:00"
13,34.675,33.042,"17:30:00"
14,34.433,35.833,"17:30:00"
15,33.9,35.483,"17:30:00"
16,33.56,35.37,"17:30:00"
17,33.272,35.193,"17:30:00"
18,36.8,34.617,"17:30:00"
19,36.587,36.173,"17:30:00"
20,36.885,30.705,"17:30:00"
21,35.35,33,"17:30:00"
22,34.5,33.8,"17:30:00"
23,34,34.5,"17:30:00"
24,34,32.7,"17:30:00"
25,31.3,34,"17:30:00"
26,31.35,33.25,"17:30:00"
27,35.8,34,"17:30:00"
28,33.5,35,"17:30:00"
29,31.4,33.8,"17:30:00"
30,34.8,32.5,"17:30:00"
1,31.265,32.301,"17:45:00"
2,31.325,32.75,"17:45:00"
3,31.321,33.768,"17:45:00"
4,31.29,34.23,"17:45:00"
5,31.35,33.5,"17:45:00"
6,31.215,29.955,"17:45:00"
7,31.416,31.813,"17:45:00"
8,34.55,33.05,"17:45:00"
9,35,34.6,"17:45:00"
10,35.4,33.9,"17:45:00"
11,35.125,33.95,"17:45:00"
12,34.9,33.65,"17:45:00"
13,34.675,33.042,"17:45:00"
14,34.433,35.833,"17:45:00"
15,33.9,35.483,"17:45:00"
16,33.56,35.37,"17:45:00"
17,33.272,35.193,"17:45:00"
18,36.8,34.617,"17:45:00"
19,36.587,36.173,"17:45:00"
20,36.885,30.705,"17:45:00"
21,35.35,33,"17:45:00"
22,34.5,33.8,"17:45:00"
23,34,34.5,"17:45:00"
24,34,32.7,"17:45:00"
25,31.3,34,"17:45:00"
26,31.35,33.25,"17:45:00"
27,35.8,34,"17:45:00"
28,33.5,35,"17:45:00"
29,31.4,33.8,"17:45:00"
30,34.8,32.5,"17:45:00"
1,31.265,32.301,"18:00:00"
2,31.325,32.75,"18:00:00"
3,31.321,33.768,"18:00:00"
4,31.29,34.23,"18:00:00"
5,31.35,33.5,"18:00:00"
6,31.215,29.955,"18:00:00"
7,31.416,31.813,"18:00:00"
8,34.55,33.05,"18:00:00"
9,35,34.6,"18:00:00"
10,35.4,33.9,"18:00:00"
11,35.125,33.95,"18:00:00"
12,34.9,33.65,"18:00:00"
13,34.675,33.042,"18:00:00"
14,34.433,35.833,"18:00:00"
15,33.9,35.483,"18:00:00"
16,33.56,35.37,"18:00:00"
17,33.272,35.193,"18:00:00"
18,36.8,34.617,"18:00:00"
19,36.587,36.173,"18:00:00"
20,36.885,30.705,"18:00:00"
21,35.35,33,"18:00:00"
22,34.5,33.8,"18:00:00"
23,34,34.5,"18:00:00"
24,34,32.7,"18:00:00"
25,31.3,34,"18:00:00"
26,31.35,33.25,"18:00:00"
27,35.8,34,"18:00:00"
28,33.5,35,"18:00:00"
29,31.4,33.8,"18:00:00"
30,34.8,32.5,"18:00:00"
1,31.265,32.301,"18:15:00"
2,31.325,32.75,"18:15:00"
3,31.321,33.768,"18:15:00"
4,31.29,34.23,"18:15:00"
5,31.35,33.5,"18:15:00"
6,31.215,29.955,"18:15:00"
7,31.416,31.813,"18:15:00"
8,34.55,33.05,"18:15:00"
9,35,34.6,"18:15:00"
10,35.4,33.9,"18:15:00"
11,35.125,33.95,"18:15:00"
12,34.9,33.65,"18:15:00"
13,34.675,33.042,"18:15:00"
14,34.433,35.833,"18:15:00"
15,33.9,35.483,"18:15:00"
16,33.56,35.37,"18:15:00"
17,33.272,35.193,"18:15:00"
18,36.8,34.617,"18:15:00"
19,36.587,36.173,"18:15:00"
20,36.885,30.705,"18:15:00"
21,35.35,33,"18:15:00"
22,34.5,33.8,"18:15:00"
23,34,34.5,"18:15:00"
24,34,32.7,"18:15:00"
25,31.3,34,"18:15:00"
26,31.35,33.25,"18:15:00"
27,35.8,34,"18:15:00"
28,33.5,35,"18:15:00"
29,31.4,33.8,"18:15:00"
30,34.8,32.5,"18:15:00"
1,31.265,32.301,"18:30:00"
2,31.325,32.75,"18:30:00"
3,31.321,33.768,"18:30:00"
4,31.29,34.23,"18:30:00"
5,31.35,33.5,"18:30:00"
6,31.215,29.955,"18:30:00"
7,31.416,31.813,"18:30:00"
8,34.55,33.05,"18:30:00"
9,35,34.6,"18:30:00"
10,35.4,33.9,"18:30:00"
11,35.125,33.95,"18:30:00"
12,34.9,33.65,"18:30:00"
13,34.675,33.042,"18:30:00"
14,34.433,35.833,"18:30:00"
15,33.9,35.483,"18:30:00"
16,33.56,35.37,"18:30:00"
17,33.272,35.193,"18:30:00"
18,36.8,34.617,"18:30:00"
19,36.587,36.173,"18:30:00"
20,36.885,30.705,"18:30:00"
21,35.35,33,"18:30:00"
22,34.5,33.8,"18:30:00"
23,34,34.5,"18:30:00"
24,34,32.7,"18:30:00"
25,31.3,34,"18:30:00"
26,31.35,33.25,"18:30:00"
27,35.8,34,"18:30:00"
28,33.5,35,"18:30:00"
29,31.4,33.8,"18:30:00"
30,34.8,32.5,"18:30:00"
1,31.265,32.301,"18:45:00"
2,31.325,32.75,"18:45:00"
3,31.321,33.768,"18:45:00"
4,31.29,34.23,"18:45:00"
5,31.35,33.5,"18:45:00"
6,31.215,29.955,"18:45:00"
7,31.416,31.813,"18:45:00"
8,34.55,33.05,"18:45:00"
9,35,34.6,"18:45:00"
10,35.4,33.9,"18:45:00"
11,35.125,33.95,"18:45:00"
12,34.9,33.65,"18:45:00"
13,34.675,33.042,"18:45:00"
14,34.433,35.833,"18:45:00"
15,33.9,35.483,"18:45:00"
16,33.56,35.37,"18:45:00"
17,33.272,35.193,"18:45:00"
18,36.8,34.617,"18:45:00"
19,36.587,36.173,"18:45:00"
20,36.885,30.705,"18:45:00"
21,35.35,33,"18:45:00"
22,34.5,33.8,"18:45:00"
23,34,34.5,"18:45:00"
24,34,32.7,"18:45:00"
25,31.3,34,"18:45:00"
26,31.35,33.25,"18:45:00"
27,35.8,34,"18:45:00"
28,33.5,35,"18:45:00"
29,31.4,33.8,"18:45:00"
30,34.8,32.5,"18:45:00"
1,31.265,32.301,"19:00:00"
2,31.325,32.75,"19:00:00"
3,31.321,33.768,"19:00:00"
4,31.29,34.23,"19:00:00"
5,31.35,33.5,"19:00:00"
6,31.215,29.955,"19:00:00"
7,31.416,31.813,"19:00:00"
8,34.55,33.05,"19:00:00"
9,35,34.6,"19:00:00"
10,35.4,33.9,"19:00:00"
11,35.125,33.95,"19:00:00"
12,34.9,33.65,"19:00:00"
13,34.675,33.042,"19:00:00"
14,34.433,35.833,"19:00:00"
15,33.9,35.483,"19:00:00"
16,33.56,35.37,"19:00:00"
17,33.272,35.193,"19:00:00"
18,36.8,34.617,"19:00:00"
19,36.587,36.173,"19:00:00"
20,36.885,30.705,"19:00:00"
21,35.35,33,"19:00:00"
22,34.5,33.8,"19:00:00"
23,34,34.5,"19:00:00"
24,34,32.7,"19:00:00"
25,31.3,34,"19:00:00"
26,31.35,33.25,"19:00:00"
27,35.8,34,"19:00:00"
28,33.5,35,"19:00:00"
29,31.4,33.8,"19:00:00"
30,34.8,32.5,"19:00:00"
1,31.265,32.301,"19:15:00"
2,31.325,32.75,"19:15:00"
3,31.321,33.768,"19:15:00"
4,31.29,34.23,"19:15:00"
5,31.35,33.5,"19:15:00"
6,31.215,29.955,"19:15:00"
7,31.416,31.813,"19:15:00"
8,34.55,33.05,"19:15:00"
9,35,34.6,"19:15:00"
10,35.4,33.9,"19:15:00"
11,35.125,33.95,"19:15:00"
12,34.9,33.65,"19:15:00"
13,34.675,33.042,"19:15:00"
14,34.433,35.833,"19:15:00"
15,33.9,35.483,"19:15:00"
16,33.56,35.37,"19:15:00"
17,33.272,35.193,"19:15:00"
18,36.8,34.617,"19:15:00"
19,36.587,36.173,"19:15:00"
20,36.885,30.705,"19:15:00"
21,35.35,33,"19:15:00"
22,34.5,33.8,"19:15:00"
23,34,34.5,"19:15:00"
24,34,32.7,"19:15:00"
25,31.3,34,"19:15:00"
26,31.35,33.25,"19:15:00"
27,35.8,34,"19:15:00"
28,33.5,35,"19:15:00"
29,31.4,33.8,"19:15:00"
30,34.8,32.5,"19:15:00"
1,31.265,32.301,"19:30:00"
2,31.325,32.75,"19:30:00"
3,31.321,33.768,"19:30:00"
4,31.29,34.23,"19:30:00"
5,31.35,33.5,"19:30:00"
6,31.215,29.955,"19:30:00"
7,31.416,31.813,"19:30:00"
8,34.55,33.05,"19:30:00"
9,35,34.6,"19:30:00"
10,35.4,33.9,"19:30:00"
11,35.125,33.95,"19:30:00"
12,34.9,33.65,"19:30:00"
13,34.675,33.042,"19:30:00"
14,34.433,35.833,"19:30:00"
15,33.9,35.483,"19:30:00"
16,33.56,35.37,"19:30:00"
17,33.272,35.193,"19:30:00"
18,36.8,34.617,"19:30:00"
19,36.587,36.173,"19:30:00"
20,36.885,30.705,"19:30:00"
21,35.35,33,"19:30:00"
22,34.5,33.8,"19:30:00"
23,34,34.5,"19:30:00"
24,34,32.7,"19:30:00"
25,31.3,34,"19:30:00"
26,31.35,33.25,"19:30:00"
27,35.8,34,"19:30:00"
28,33.5,35,"19:30:00"
29,31.4,33.8,"19:30:00"
30,34.8,32.5,"19:30:00"
1,31.265,32.301,"19:45:00"
2,31.325,32.75,"19:45:00"
3,31.321,33.768,"19:45:00"
4,31.29,34.23,"19:45:00"
5,31.35,33.5,"19:45:00"
6,31.215,29.955,"19:45:00"
7,31.416,31.813,"19:45:00"
8,34.55,33.05,"19:45:00"
9,35,34.6,"19:45:00"
10,35.4,33.9,"19:45:00"
11,35.125,33.95,"19:45:00"
12,34.9,33.65,"19:45:00"
13,34.675,33.042,"19:45:00"
14,34.433,35.833,"19:45:00"
15,33.9,35.483,"19:45:00"
16,33.56,35.37,"19:45:00"
17,33.272,35.193,"19:45:00"
18,36.8,34.617,"19:45:00"
19,36.587,36.173,"19:45:00"
20,36.885,30.705,"19:45:00"
21,35.35,33,"19:45:00"
22,34.5,33.8,"19:45:00"
23,34,34.5,"19:45:00"
24,34,32.7,"19:45:00"
25,31.3,34,"19:45:00"
26,31.35,33.25,"19:45:00"
27,35.8,34,"19:45:00"
28,33.5,35,"19:45:00"
29,31.4,33.8,"19:45:00"
30,34.8,32.5,"19:45:00"
1,31.265,32.301,"20:00:00"
2,31.325,32.75,"20:00:00"
3,31.321,33.768,"20:00:00"
4,31.29,34.23,"20:00:00"
5,31.35,33.5,"20:00:00"
6,31.215,29.955,"20:00:00"
7,31.416,31.813,"20:00:00"
8,34.55,33.05,"20:00:00"
9,35,34.6,"20:00:00"
10,35.4,33.9,"20:00:00"
11,35.125,33.95,"20:00:00"
12,34.9,33.65,"20:00:00"
13,34.675,33.042,"20:00:00"
14,34.433,35.833,"20:00:00"
15,33.9,35.483,"20:00:00"
16,33.56,35.37,"20:00:00"
17,33.272,35.193,"20:00:00"
18,36.8,34.617,"20:00:00"
19,36.587,36.173,"20:00:00"
20,36.885,30.705,"20:00:00"
21,35.35,33,"20:00:00"
22,34.5,33.8,"20:00:00"
23,34,34.5,"20:00:00"
24,34,32.7,"20:00:00"
25,31.3,34,"20:00:00"
26,31.35,33.25,"20:00:00"
27,35.8,34,"20:00:00"
28,33.5,35,"20:00:00"
29,31.4,33.8,"20:00:00"
30,34.8,32.5,"20:00:00"
1,31.265,32.301,"20:15:00"
2,31.325,32.75,"20:15:00"
3,31.321,33.768,"20:15:00"
4,31.29,34.23,"20:15:00"
5,31.35,33.5,"20:15:00"
6,31.215,29.955,"20:15:00"
7,31.416,31.813,"20:15:00"
8,34.55,33.05,"20:15:00"
9,35,34.6,"20:15:00"
10,35.4,33.9,"20:15:00"
11,35.125,33.95,"20:15:00"
12,34.9,33.65,"20:15:00"
13,34.675,33.042,"20:15:00"
14,34.433,35.833,"20:15:00"
15,33.9,35.483,"20:15:00"
16,33.56,35.37,"20:15:00"
17,33.272,35.193,"20:15:00"
18,36.8,34.617,"20:15:00"
19,36.587,36.173,"20:15:00"
20,36.885,30.705,"20:15:00"
21,35.35,33,"20:15:00"
22,34.5,33.8,"20:15:00"
23,34,34.5,"20:15:00"
24,34,32.7,"20:15:00"
25,31.3,34,"20:15:00"
26,31.35,33.25,"20:15:00"
27,35.8,34,"20:15:00"
28,33.5,35,"20:15:00"
29,31.4,33.8,"20:15:00"
30,34.8,32.5,"20:15:00"
1,31.265,32.301,"20:30:00"
2,31.325,32.75,"20:30:00"
3,31.321,33.768,"20:30:00"
4,31.29,34.23,"20:30:00"
5,31.35,33.5,"20:30:00"
6,31.215,29.955,"20:30:00"
7,31.416,31.813,"20:30:00"
8,34.55,33.05,"20:30:00"
9,35,34.6,"20:30:00"
10,35.4,33.9,"20:30:00"
11,35.125,33.95,"20:30:00"
12,34.9,33.65,"20:30:00"
13,34.675,33.042,"20:30:00"
14,34.433,35.833,"20:30:00"
15,33.9,35.483,"20:30:00"
16,33.56,35.37,"20:30:00"
17,33.272,35.193,"20:30:00"
18,36.8,34.617,"20:30:00"
19,36.587,36.173,"20:30:00"
20,36.885,30.705,"20:30:00"
21,35.35,33,"20:30:00"
22,34.5,33.8,"20:30:00"
23,34,34.5,"20:30:00"
24,34,32.7,"20:30:00"
25,31.3,34,"20:30:00"
26,31.35,33.25,"20:30:00"
27,35.8,34,"20:30:00"
28,33.5,35,"20:30:00"
29,31.4,33.8,"20:30:00"
30,34.8,32.5,"20:30:00"
1,31.265,32.301,"20:45:00"
2,31.325,32.75,"20:45:00"
3,31.321,33.768,"20:45:00"
4,31.29,34.23,"20:45:00"
5,31.35,33.5,"20:45:00"
6,31.215,29.955,"20:45:00"
7,31.416,31.813,"20:45:00"
8,34.55,33.05,"20:45:00"
9,35,34.6,"20:45:00"
10,35.4,33.9,"20:45:00"
11,35.125,33.95,"20:45:00"
12,34.9,33.65,"20:45:00"
13,34.675,33.042,"20:45:00"
14,34.433,35.833,"20:45:00"
15,33.9,35.483,"20:45:00"
16,33.56,35.37,"20:45:00"
17,33.272,35.193,"20:45:00"
18,36.8,34.617,"20:45:00"
19,36.587,36.173,"20:45:00"
20,36.885,30.705,"20:45:00"
21,35.35,33,"20:45:00"
22,34.5,33.8,"20:45:00"
23,34,34.5,"20:45:00"
24,34,32.7,"20:45:00"
25,31.3,34,"20:45:00"
26,31.35,33.25,"20:45:00"
27,35.8,34,"20:45:00"
28,33.5,35,"20:45:00"
29,31.4,33.8,"20:45:00"
30,34.8,32.5,"20:45:00"
1,31.265,32.301,"21:00:00"
2,31.325,32.75,"21:00:00"
3,31.321,33.768,"21:00:00"
4,31.29,34.23,"21:00:00"
5,31.35,33.5,"21:00:00"
6,31.215,29.955,"21:00:00"
7,31.416,31.813,"21:00:00"
8,34.55,33.05,"21:00:00"
9,35,34.6,"21:00:00"
10,35.4,33.9,"21:00:00"
11,35.125,33.95,"21:00:00"
12,34.9,33.65,"21:00:00"
13,34.675,33.042,"21:00:00"
14,34.433,35.833,"21:00:00"
15,33.9,35.483,"21:00:00"
16,33.56,35.37,"21:00:00"
17,33.272,35.193,"21:00:00"
18,36.8,34.617,"21:00:00"
19,36.587,36.173,"21:00:00"
20,36.885,30.705,"21:00:00"
21,35.35,33,"21:00:00"
22,34.5,33.8,"21:00:00"
23,34,34.5,"21:00:00"
24,34,32.7,"21:00:00"
25,31.3,34,"21:00:00"
26,31.35,33.25,"21:00:00"
27,35.8,34,"21:00:00"
28,33.5,35,"21:00:00"
29,31.4,33.8,"21:00:00"
30,34.8,32.5,"21:00:00"
1,31.265,32.301,"21:15:00"
2,31.325,32.75,"21:15:00"
3,31.321,33.768,"21:15:00"
4,31.29,34.23,"21:15:00"
5,31.35,33.5,"21:15:00"
6,31.215,29.955,"21:15:00"
7,31.416,31.813,"21:15:00"
8,34.55,33.05,"21:15:00"
9,35,34.6,"21:15:00"
10,35.4,33.9,"21:15:00"
11,35.125,33.95,"21:15:00"
12,34.9,33.65,"21:15:00"
13,34.675,33.042,"21:15:00"
14,34.433,35.833,"21:15:00"
15,33.9,35.483,"21:15:00"
16,33.56,35.37,"21:15:00"
17,33.272,35.193,"21:15:00"
18,36.8,34.617,"21:15:00"
19,36.587,36.173,"21:15:00"
20,36.885,30.705,"21:15:00"
21,35.35,33,"21:15:00"
22,34.5,33.8,"21:15:00"
23,34,34.5,"21:15:00"
24,34,32.7,"21:15:00"
25,31.3,34,"21:15:00"
26,31.35,33.25,"21:15:00"
27,35.8,34,"21:15:00"
28,33.5,35,"21:15:00"
29,31.4,33.8,"21:15:00"
30,34.8,32.5,"21:15:00"
1,31.265,32.301,"21:30:00"
2,31.325,32.75,"21:30:00"
3,31.321,33.768,"21:30:00"
4,31.29,34.23,"21:30:00"
5,31.35,33.5,"21:30:00"
6,31.215,29.955,"21:30:00"
7,31.416,31.813,"21:30:00"
8,34.55,33.05,"21:30:00"
9,35,34.6,"21:30:00"
10,35.4,33.9,"21:30:00"
11,35.125,33.95,"21:30:00"
12,34.9,33.65,"21:30:00"
13,34.675,33.042,"21:30:00"
14,34.433,35.833,"21:30:00"
15,33.9,35.483,"21:30:00"
16,33.56,35.37,"21:30:00"
17,33.272,35.193,"21:30:00"
18,36.8,34.617,"21:30:00"
19,36.587,36.173,"21:30:00"
20,36.885,30.705,"21:30:00"
21,35.35,33,"21:30:00"
22,34.5,33.8,"21:30:00"
23,34,34.5,"21:30:00"
24,34,32.7,"21:30:00"
25,31.3,34,"21:30:00"
26,31.35,33.25,"21:30:00"
27,35.8,34,"21:30:00"
28,33.5,35,"21:30:00"
29,31.4,33.8,"21:30:00"
30,34.8,32.5,"21:30:00"
1,31.265,32.301,"21:45:00"
2,31.325,32.75,"21:45:00"
3,31.321,33.768,"21:45:00"
4,31.29,34.23,"21:45:00"
5,31.35,33.5,"21:45:00"
6,31.215,29.955,"21:45:00"
7,31.416,31.813,"21:45:00"
8,34.55,33.05,"21:45:00"
9,35,34.6,"21:45:00"
10,35.4,33.9,"21:45:00"
11,35.125,33.95,"21:45:00"
12,34.9,33.65,"21:45:00"
13,34.675,33.042,"21:45:00"
14,34.433,35.833,"21:45:00"
15,33.9,35.483,"21:45:00"
16,33.56,35.37,"21:45:00"
17,33.272,35.193,"21:45:00"
18,36.8,34.617,"21:45:00"
19,36.587,36.173,"21:45:00"
20,36.885,30.705,"21:45:00"
21,35.35,33,"21:45:00"
22,34.5,33.8,"21:45:00"
23,34,34.5,"21:45:00"
24,34,32.7,"21:45:00"
25,31.3,34,"21:45:00"
26,31.35,33.25,"21:45:00"
27,35.8,34,"21:45:00"
28,33.5,35,"21:45:00"
29,31.4,33.8,"21:45:00"
30,34.8,32.5,"21:45:00"
1,31.265,32.301,"22:00:00"
2,31.325,32.75,"22:00:00"
3,31.321,33.768,"22:00:00"
4,31.29,34.23,"22:00:00"
5,31.35,33.5,"22:00:00"
6,31.215,29.955,"22:00:00"
7,31.416,31.813,"22:00:00"
8,34.55,33.05,"22:00:00"
9,35,34.6,"22:00:00"
10,35.4,33.9,"22:00:00"
11,35.125,33.95,"22:00:00"
12,34.9,33.65,"22:00:00"
13,34.675,33.042,"22:00:00"
14,34.433,35.833,"22:00:00"
15,33.9,35.483,"22:00:00"
16,33.56,35.37,"22:00:00"
17,33.272,35.193,"22:00:00"
18,36.8,34.617,"22:00:00"
19,36.587,36.173,"22:00:00"
20,36.885,30.705,"22:00:00"
21,35.35,33,"22:00:00"
22,34.5,33.8,"22:00:00"
23,34,34.5,"22:00:00"
24,34,32.7,"22:00:00"
25,31.3,34,"22:00:00"
26,31.35,33.25,"22:00:00"
27,35.8,34,"22:00:00"
28,33.5,35,"22:00:00"
29,31.4,33.8,"22:00:00"
30,34.8,32.5,"22:00:00"
1,31.265,32.301,"22:15:00"
2,31.325,32.75,"22:15:00"
3,31.321,33.768,"22:15:00"
4,31.29,34.23,"22:15:00"
5,31.35,33.5,"22:15:00"
6,31.215,29.955,"22:15:00"
7,31.416,31.813,"22:15:00"
8,34.55,33.05,"22:15:00"
9,35,34.6,"22:15:00"
10,35.4,33.9,"22:15:00"
11,35.125,33.95,"22:15:00"
12,34.9,33.65,"22:15:00"
13,34.675,33.042,"22:15:00"
14,34.433,35.833,"22:15:00"
15,33.9,35.483,"22:15:00"
16,33.56,35.37,"22:15:00"
17,33.272,35.193,"22:15:00"
18,36.8,34.617,"22:15:00"
19,36.587,36.173,"22:15:00"
20,36.885,30.705,"22:15:00"
21,35.35,33,"22:15:00"
22,34.5,33.8,"22:15:00"
23,34,34.5,"22:15:00"
24,34,32.7,"22:15:00"
25,31.3,34,"22:15:00"
26,31.35,33.25,"22:15:00"
27,35.8,34,"22:15:00"
28,33.5,35,"22:15:00"
29,31.4,33.8,"22:15:00"
30,34.8,32.5,"22:15:00"
1,31.265,32.301,"22:30:00"
2,31.325,32.75,"22:30:00"
3,31.321,33.768,"22:30:00"
4,31.29,34.23,"22:30:00"
5,31.35,33.5,"22:30:00"
6,31.215,29.955,"22:30:00"
7,31.416,31.813,"22:30:00"
8,34.55,33.05,"22:30:00"
9,35,34.6,"22:30:00"
10,35.4,33.9,"22:30:00"
11,35.125,33.95,"22:30:00"
12,34.9,33.65,"22:30:00"
13,34.675,33.042,"22:30:00"
14,34.433,35.833,"22:30:00"
15,33.9,35.483,"22:30:00"
16,33.56,35.37,"22:30:00"
17,33.272,35.193,"22:30:00"
18,36.8,34.617,"22:30:00"
19,36.587,36.173,"22:30:00"
20,36.885,30.705,"22:30:00"
21,35.35,33,"22:30:00"
22,34.5,33.8,"22:30:00"
23,34,34.5,"22:30:00"
24,34,32.7,"22:30:00"
25,31.3,34,"22:30:00"
26,31.35,33.25,"22:30:00"
27,35.8,34,"22:30:00"
28,33.5,35,"22:30:00"
29,31.4,33.8,"22:30:00"
30,34.8,32.5,"22:30:00"
1,31.265,32.301,"22:45:00"
2,31.325,32.75,"22:45:00"
3,31.321,33.768,"22:45:00"
4,31.29,34.23,"22:45:00"
5,31.35,33.5,"22:45:00"
6,31.215,29.955,"22:45:00"
7,31.416,31.813,"22:45:00"
8,34.55,33.05,"22:45:00"
9,35,34.6,"22:45:00"
10,35.4,33.9,"22:45:00"
11,35.125,33.95,"22:45:00"
12,34.9,33.65,"22:45:00"
13,34.675,33.042,"22:45:00"
14,34.433,35.833,"22:45:00"
15,33.9,35.483,"22:45:00"
16,33.56,35.37,"22:45:00"
17,33.272,35.193,"22:45:00"
18,36.8,34.617,"22:45:00"
19,36.587,36.173,"22:45:00"
20,36.885,30.705,"22:45:00"
21,35.35,33,"22:45:00"
22,34.5,33.8,"22:45:00"
23,34,34.5,"22:45:00"
24,34,32.7,"22:45:00"
25,31.3,34,"22:45:00"
26,31.35,33.25,"22:45:00"
27,35.8,34,"22:45:00"
28,33.5,35,"22:45:00"
29,31.4,33.8,"22:45:00"
30,34.8,32.5,"22:45:00"
1,31.265,32.301,"23:00:00"
2,31.325,32.75,"23:00:00"
3,31.321,33.768,"23:00:00"
4,31.29,34.23,"23:00:00"
5,31.35,33.5,"23:00:00"
6,31.215,29.955,"23:00:00"
7,31.416,31.813,"23:00:00"
8,34.55,33.05,"23:00:00"
9,35,34.6,"23:00:00"
10,35.4,33.9,"23:00:00"
11,35.125,33.95,"23:00:00"
12,34.9,33.65,"23:00:00"
13,34.675,33.042,"23:00:00"
14,34.433,35.833,"23:00:00"
15,33.9,35.483,"23:00:00"
16,33.56,35.37,"23:00:00"
17,33.272,35.193,"23:00:00"
18,36.8,34.617,"23:00:00"
19,36.587,36.173,"23:00:00"
20,36.885,30.705,"23:00:00"
21,35.35,33,"23:00:00"
22,34.5,33.8,"23:00:00"
23,34,34.5,"23:00:00"
24,34,32.7,"23:00:00"
25,31.3,34,"23:00:00"
26,31.35,33.25,"23:00:00"
27,35.8,34,"23:00:00"
28,33.5,35,"23:00:00"
29,31.4,33.8,"23:00:00"
30,34.8,32.5,"23:00:00"
1,31.265,32.301,"23:15:00"
2,31.325,32.75,"23:15:00"
3,31.321,33.768,"23:15:00"
4,31.29,34.23,"23:15:00"
5,31.35,33.5,"23:15:00"
6,31.215,29.955,"23:15:00"
7,31.416,31.813,"23:15:00"
8,34.55,33.05,"23:15:00"
9,35,34.6,"23:15:00"
10,35.4,33.9,"23:15:00"
11,35.125,33.95,"23:15:00"
12,34.9,33.65,"23:15:00"
13,34.675,33.042,"23:15:00"
14,34.433,35.833,"23:15:00"
15,33.9,35.483,"23:15:00"
16,33.56,35.37,"23:15:00"
17,33.272,35.193,"23:15:00"
18,36.8,34.617,"23:15:00"
19,36.587,36.173,"23:15:00"
20,36.885,30.705,"23:15:00"
21,35.35,33,"23:15:00"
22,34.5,33.8,"23:15:00"
23,34,34.5,"23:15:00"
24,34,32.7,"23:15:00"
25,31.3,34,"23:15:00"
26,31.35,33.25,"23:15:00"
27,35.8,34,"23:15:00"
28,33.5,35,"23:15:00"
29,31.4,33.8,"23:15:00"
30,34.8,32.5,"23:15:00"
1,31.265,32.301,"23:30:00"
2,31.325,32.75,"23:30:00"
3,31.321,33.768,"23:30:00"
4,31.29,34.23,"23:30:00"
5,31.35,33.5,"23:30:00"
6,31.215,29.955,"23:30:00"
7,31.416,31.813,"23:30:00"
8,34.55,33.05,"23:30:00"
9,35,34.6,"23:30:00"
10,35.4,33.9,"23:30:00"
11,35.125,33.95,"23:30:00"
12,34.9,33.65,"23:30:00"
13,34.675,33.042,"23:30:00"
14,34.433,35.833,"23:30:00"
15,33.9,35.483,"23:30:00"
16,33.56,35.37,"23:30:00"
17,33.272,35.193,"23:30:00"
18,36.8,34.617,"23:30:00"
19,36.587,36.173,"23:30:00"
20,36.885,30.705,"23:30:00"
21,35.35,33,"23:30:00"
22,34.5,33.8,"23:30:00"
23,34,34.5,"23:30:00"
24,34,32.7,"23:30:00"
25,31.3,34,"23:30:00"
26,31.35,33.25,"23:30:00"
27,35.8,34,"23:30:00"
28,33.5,35,"23:30:00"
29,31.4,33.8,"23:30:00"
30,34.8,32.5,"23:30:00"
1,31.265,32.301,"23:45:00"
2,31.325,32.75,"23:45:00"
3,31.321,33.768,"23:45:00"
4,31.29,34.23,"23:45:00"
5,31.35,33.5,"23:45:00"
6,31.215,29.955,"23:45:00"
7,31.416,31.813,"23:45:00"
8,34.55,33.05,"23:45:00"
9,35,34.6,"23:45:00"
10,35.4,33.9,"23:45:00"
11,35.125,33.95,"23:45:00"
12,34.9,33.65,"23:45:00"
13,34.675,33.042,"23:45:00"
14,34.433,35.833,"23:45:00"
15,33.9,35.483,"23:45:00"
16,33.56,35.37,"23:45:00"
17,33.272,35.193,"23:45:00"
18,36.8,34.617,"23:45:00"
19,36.587,36.173,"23:45:00"
20,36.885,30.705,"23:45:00"
21,35.35,33,"23:45:00"
22,34.5,33.8,"23:45:00"
23,34,34.5,"23:45:00"
24,34,32.7,"23:45:00"
25,31.3,34,"23:45:00"
26,31.35,33.25,"23:45:00"
27,35.8,34,"23:45:00"
28,33.5,35,"23:45:00"
29,31.4,33.8,"23:45:00"
30,34.8,32.5,"23:45:00"
